Truth,Error
13569984,13569994
13570020,13570024
13570056,13570058
13570092,13570085
13570128,13570128
13570164,13570164
13570200,13570201
13570236,13570235
13570272,13570273
13570308,13570308
13570344,13570340
13570380,13570386
13570416,13570422
13570452,13570462
13570488,13570490
13570524,13570524
13570560,13570560
13574268,13574276
13574304,13574303
13574340,13574344
13574376,13574375
13574412,13574406
13574448,13574451
13574484,13574487
13574520,13574521
13574556,13574559
13574592,13574591
13574628,13574627
13574664,13574665
13574700,13574711
13574736,13574742
13574772,13574772
13574808,13574812
13574844,13574844
13574880,13574880
13574916,13574922
13574952,13574952
13574988,13574982
13575024,13575022
13575060,13575062
13575096,13575098
13575132,13575140
13575168,13575167
13575204,13575209
13575240,13575244
13575276,13575277
13575312,13575318
13575348,13575352
13575384,13575382
13575420,13575427
13575456,13575452
13575492,13575494
13575528,13575530
13575564,13575568
13575600,13575599
13575636,13575637
13575672,13575673
13575708,13575714
13575744,13575743
13575780,13575782
13575816,13575816
13575852,13575848
13575888,13575903
13575924,13575925
13575960,13575955
13575996,13576005
13576032,13576029
13576068,13576071
13576104,13576110
13576140,13576139
13576176,13576176
13576212,13576212
13576248,13576249
13576284,13576278
13576320,13576316
13576356,13576357
13576392,13576399
13576428,13576433
13576464,13576474
13576500,13576505
13576536,13576536
13576572,13576573
13576608,13576600
13576644,13576642
13576680,13576677
13576716,13576719
13576752,13576757
13576788,13576788
13576824,13576824
13576860,13576855
13576896,13576897
13576932,13576935
13576968,13576972
13577004,13577003
13577040,13577051
13577076,13577083
13577112,13577113
13577148,13577148
13577184,13577184
13577220,13577222
13577256,13577257
13577292,13577296
13577328,13577333
13577364,13577372
13577400,13577407
13577436,13577437
13577472,13577475
13577508,13577508
13577544,13577544
13577580,13577591
13577616,13577616
13577652,13577663
13577688,13577688
13577724,13577727
13577760,13577767
13577796,13577798
13577832,13577835
13577868,13577868
13577904,13577904
13577940,13577941
13577976,13577975
13578012,13578022
13578048,13578049
13578084,13578094
13578120,13578109
13578156,13578158
13578192,13578196
13578228,13578228
13578264,13578271
13578300,13578305
13578336,13578336
13578372,13578376
13578408,13578424
13578444,13578447
13578480,13578483
13578516,13578516
13578552,13578554
13578588,13578584
13578624,13578625
13578660,13578674
13578696,13578703
13578732,13578737
13578768,13578775
13578804,13578815
13578840,13578844
13578876,13578888
13578912,13578919
13578948,13578950
13578984,13578994
13579020,13579011
13579056,13579056
13579092,13579095
13579128,13579126
13579164,13579165
13579200,13579199
13579236,13579235
13579272,13579287
13579308,13579313
13579344,13579345
13579380,13579388
13579416,13579416
13579452,13579458
13579488,13579491
13582008,13582008
13582044,13582036
13582080,13582080
13582116,13582116
13582152,13582156
13582188,13582186
13582224,13582226
13582260,13582251
13582296,13582302
13582332,13582341
13582368,13582376
13582404,13582399
13582440,13582443
13582476,13582464
13582512,13582515
13582548,13582549
13582584,13582582
13582620,13582623
13582656,13582658
13582692,13582698
13582728,13582730
13582764,13582767
13582800,13582793
13582836,13582833
13582872,13582872
13582908,13582911
13582944,13582945
13582980,13582989
13583016,13583014
13583052,13583052
13587192,13587188
13587228,13587229
13587264,13587262
13587300,13587306
13587336,13587340
13587372,13587377
13587408,13587408
13587444,13587437
13587480,13587486
13587516,13587524
13587552,13587547
13587588,13587590
13587624,13587631
13587660,13587657
13587696,13587706
13587732,13587732
13587768,13587765
13587804,13587812
13587840,13587843
13587876,13587875
13587912,13587918
13587948,13587941
13587984,13587995
13590972,13590970
13591008,13591012
13591044,13591041
13591080,13591080
13591116,13591117
13591152,13591161
13591188,13591206
13591224,13591227
13591260,13591264
13591296,13591303
13591332,13591328
13591368,13591373
13591404,13591400
13591440,13591450
13591476,13591485
13591512,13591516
13591548,13591546
13591584,13591594
13591620,13591623
13591656,13591658
13591692,13591696
13591728,13591722
13591764,13591768
13591800,13591806
13591836,13591839
13591872,13591874
13591908,13591906
13591944,13591949
13595904,13595907
13595940,13595948
13595976,13595972
13596012,13596022
13596048,13596051
13596084,13596084
13596120,13596113
13596156,13596163
13596192,13596190
13596228,13596228
13596264,13596268
13596300,13596297
13596336,13596334
13596372,13596369
13596408,13596409
13596444,13596448
13596480,13596484
13596516,13596520
13596552,13596552
13596588,13596590
13596624,13596623
13596660,13596671
13596696,13596698
13596732,13596725
13596768,13596765
13596804,13596814
13596840,13596836
13596876,13596876
13596912,13596916
13596948,13596945
13596984,13596991
13597020,13597030
13597056,13597054
13597092,13597099
13597128,13597126
13597164,13597162
13597200,13597203
13597236,13597239
13600080,13600085
13600116,13600118
13600152,13600148
13600188,13600196
13600224,13600232
13600260,13600269
13600296,13600298
13600332,13600335
13600368,13600368
13600404,13600402
13600440,13600442
13600476,13600478
13600512,13600511
13600548,13600559
13600584,13600578
13600620,13600618
13600656,13600655
13600692,13600700
13600728,13600728
13600764,13600764
13600800,13600798
13600836,13600835
13600872,13600868
13600908,13600915
13600944,13600949
13600980,13600986
13601016,13601015
13601052,13601066
13601088,13601086
13601124,13601116
13601160,13601160
13601196,13601198
13601232,13601237
13601268,13601265
13601304,13601308
13601340,13601350
13601376,13601374
13601412,13601411
13601448,13601442
13601484,13601487
13601520,13601526
13601556,13601561
13601592,13601598
13601628,13601637
13601664,13601666
13601700,13601706
13601736,13601734
13601772,13601771
13601808,13601811
13601844,13601842
13601880,13601884
13601916,13601924
13601952,13601956
13601988,13601987
13602024,13602023
13602060,13602068
13602096,13602095
13602132,13602134
13602168,13602168
13602204,13602206
13602240,13602247
13602276,13602276
13602312,13602307
13602348,13602357
13602384,13602387
13602420,13602425
13602456,13602457
13602492,13602497
13602528,13602536
13602564,13602572
13602600,13602600
13608684,13608697
13608720,13608720
13608756,13608760
13608792,13608790
13608828,13608836
13608864,13608864
13608900,13608900
13608936,13608929
13608972,13608972
13609008,13609010
13609044,13609052
13609080,13609076
13609116,13609122
13609152,13609152
13609188,13609188
13609224,13609222
13609260,13609254
13609296,13609292
13609332,13609341
13609368,13609364
13609404,13609404
13609440,13609447
13609476,13609468
13609512,13609515
13609548,13609548
13609584,13609586
13609620,13609626
13609656,13609656
13609692,13609692
13609728,13609733
13609764,13609768
13609800,13609799
13609836,13609836
13609872,13609868
13609908,13609916
13609944,13609940
13609980,13609982
13610016,13610026
13610052,13610057
13610088,13610088
13610124,13610123
13610160,13610159
13610196,13610202
13610232,13610235
13610268,13610269
13610304,13610318
13610340,13610338
13610376,13610376
13610412,13610412
13610448,13610450
13610484,13610487
13614264,13614266
13614300,13614303
13614336,13614334
13614372,13614381
13614408,13614406
13614444,13614449
13614480,13614483
13614516,13614510
13614552,13614553
13614588,13614582
13614624,13614625
13614660,13614664
13614696,13614706
13614732,13614737
13614768,13614762
13614804,13614804
13614840,13614849
13614876,13614878
13614912,13614922
13614948,13614946
13614984,13614983
13615020,13615015
13615056,13615056
13615092,13615099
13615128,13615125
13615164,13615169
13615200,13615203
13615236,13615241
13615272,13615272
13623516,13623523
13623552,13623544
13623588,13623586
13623624,13623621
13623660,13623662
13623696,13623696
13623732,13623736
13623768,13623767
13623804,13623812
13623840,13623845
13623876,13623876
13623912,13623906
13623948,13623945
13623984,13623979
13624020,13624028
13624056,13624061
13624092,13624088
13624128,13624139
13624164,13624164
13624200,13624191
13624236,13624243
13624272,13624280
13624308,13624310
13624344,13624342
13624380,13624388
13624416,13624416
13624452,13624453
13624488,13624492
13628880,13628886
13628916,13628920
13628952,13628950
13628988,13628992
13629024,13629024
13629060,13629059
13629096,13629098
13629132,13629145
13629168,13629166
13629204,13629211
13629240,13629243
13629276,13629271
13629312,13629310
13629348,13629349
13631832,13631829
13631868,13631862
13631904,13631907
13631940,13631936
13631976,13631974
13632012,13632012
13632048,13632053
13632084,13632084
13632120,13632120
13632156,13632156
13632192,13632195
13632228,13632228
13632264,13632266
13632300,13632308
13632336,13632336
13632372,13632372
13632408,13632406
13632444,13632442
13632480,13632476
13632516,13632513
13632552,13632551
13632588,13632591
13632624,13632628
13632660,13632660
13632696,13632699
13632732,13632728
13632768,13632779
13632804,13632817
13632840,13632841
13632876,13632880
13632912,13632914
13632948,13632953
13632984,13632983
13633020,13633015
13633056,13633061
13633092,13633089
13633128,13633131
13633164,13633162
13633200,13633198
13633236,13633242
13633272,13633281
13633308,13633308
13633344,13633344
13633380,13633383
13633416,13633415
13633452,13633446
13633488,13633489
13633524,13633515
13633560,13633563
13633596,13633596
13633632,13633634
13633668,13633663
13633704,13633702
13633740,13633744
13633776,13633784
13633812,13633817
13633848,13633851
13633884,13633881
13633920,13633924
13633956,13633958
13633992,13633992
13634028,13634036
13634064,13634062
13634100,13634110
13634136,13634135
13634172,13634171
13634208,13634209
13634244,13634240
13634280,13634280
13634316,13634318
13634352,13634346
13634388,13634386
13634424,13634419
13634460,13634460
13634496,13634503
13634532,13634532
13634568,13634568
13634604,13634606
13634640,13634637
13634676,13634678
13634712,13634712
13634748,13634747
13634784,13634778
13634820,13634819
13634856,13634862
13634892,13634899
13634928,13634928
13634964,13634965
13635000,13635000
13635036,13635033
13635072,13635065
13635108,13635118
13637232,13637232
13637268,13637274
13637304,13637305
13637340,13637348
13637376,13637381
13637412,13637413
13637448,13637447
13637484,13637486
13637520,13637528
13637556,13637558
13637592,13637598
13637628,13637629
13637664,13637664
13637700,13637699
13637736,13637729
13637772,13637775
13637808,13637810
13637844,13637845
13637880,13637885
13637916,13637914
13637952,13637962
13637988,13637983
13638024,13638027
13638060,13638057
13638096,13638096
13638132,13638139
13638168,13638163
13638204,13638206
13638240,13638242
13638276,13638278
13638312,13638315
13638348,13638353
13638384,13638388
13638420,13638423
13638456,13638462
13638492,13638497
13638528,13638529
13638564,13638560
13638600,13638605
13638636,13638636
13638672,13638682
13638708,13638708
13638744,13638740
13638780,13638787
13638816,13638815
13638852,13638847
13638888,13638895
13638924,13638919
13638960,13638968
13638996,13638994
13639032,13639035
13639068,13639071
13639104,13639097
13639140,13639141
13639176,13639176
13639212,13639214
13639248,13639252
13639284,13639293
13639320,13639320
13639356,13639357
13639392,13639404
13639428,13639433
13639464,13639469
13639500,13639495
13639536,13639531
13639572,13639572
13639608,13639608
13639644,13639648
13639680,13639695
13639716,13639712
13639752,13639752
13639788,13639793
13639824,13639827
13639860,13639867
13639896,13639896
13639932,13639930
13639968,13639980
13640004,13640008
13640040,13640036
13640076,13640076
13640112,13640113
13640148,13640143
13640184,13640189
13640220,13640222
13640256,13640256
13640292,13640291
13640328,13640338
13640364,13640365
13640400,13640398
13640436,13640428
13640472,13640469
13640508,13640513
13640544,13640553
13640580,13640576
13640616,13640608
13640652,13640653
13640688,13640689
13640724,13640730
13640760,13640759
13640796,13640798
13640832,13640825
13640868,13640864
13640904,13640904
13640940,13640940
13640976,13640980
13641012,13641019
13641048,13641043
13641084,13641094
13641120,13641119
13641156,13641156
13641192,13641199
13641228,13641218
13641264,13641259
13641300,13641298
13641336,13641338
13641372,13641379
13641408,13641415
13641444,13641442
13641480,13641485
13641516,13641516
13641552,13641561
13641588,13641588
13641624,13641631
13641660,13641657
13641696,13641701
13643928,13643933
13643964,13643964
13644000,13644001
13644036,13644036
13644072,13644068
13644108,13644108
13644144,13644138
13644180,13644173
13644216,13644220
13644252,13644256
13644288,13644293
13644324,13644324
13644360,13644361
13644396,13644400
13644432,13644432
13644468,13644460
13644504,13644516
13644540,13644547
13644576,13644584
13644612,13644614
13644648,13644646
13644684,13644686
13644720,13644723
13644756,13644751
13644792,13644792
13644828,13644832
13644864,13644873
13644900,13644904
13644936,13644936
13644972,13644968
13645008,13645020
13645044,13645046
13645080,13645085
13645116,13645118
13645152,13645148
13645188,13645200
13645224,13645229
13645260,13645268
13645296,13645295
13645332,13645333
13645368,13645376
13645404,13645404
13645440,13645439
13645476,13645473
13645512,13645508
13645548,13645554
13645584,13645585
13645620,13645613
13645656,13645665
13645692,13645700
13645728,13645735
13645764,13645757
13645800,13645802
13645836,13645844
13645872,13645869
13645908,13645906
13645944,13645944
13645980,13645972
13646016,13646019
13646052,13646058
13646088,13646093
13646124,13646133
13646160,13646162
13646196,13646197
13646232,13646233
13646268,13646267
13646304,13646301
13646340,13646339
13646376,13646377
13646412,13646412
13646448,13646450
13646484,13646486
13646520,13646525
13646556,13646556
13646592,13646584
13646628,13646626
13646664,13646675
13646700,13646705
13646736,13646736
13646772,13646772
13646808,13646809
13646844,13646844
13646880,13646882
13646916,13646921
13646952,13646960
13646988,13646988
13647024,13647024
13647060,13647060
13647096,13647098
13647132,13647139
13647168,13647167
13647204,13647217
13647240,13647244
13647276,13647283
13647312,13647310
13647348,13647348
13647384,13647384
13647420,13647422
13647456,13647448
13647492,13647496
13647528,13647522
13647564,13647567
13647600,13647607
13647636,13647637
13647672,13647673
13647708,13647709
13647744,13647744
13647780,13647783
13647816,13647822
13647852,13647857
13647888,13647897
13647924,13647926
13647960,13647960
13647996,13647996
13648032,13648029
13648068,13648068
13648104,13648104
13648140,13648151
13648176,13648180
13648212,13648223
13648248,13648241
13648284,13648287
13648320,13648327
13648356,13648360
13648392,13648392
13648428,13648431
13648464,13648466
13648500,13648503
13648536,13648539
13648572,13648579
13648608,13648611
13648644,13648647
13648680,13648682
13648716,13648720
13648752,13648751
13648788,13648793
13648824,13648824
13648860,13648866
13648896,13648896
13648932,13648934
13648968,13648969
13649004,13649002
13649040,13649047
13649076,13649080
13649112,13649114
13649148,13649156
13649184,13649184
13649220,13649222
13649256,13649264
13649292,13649306
13649328,13649331
13649364,13649374
13649400,13649403
13649436,13649435
13649472,13649477
13649508,13649516
13649544,13649547
13649580,13649584
13649616,13649614
13649652,13649644
13649688,13649691
13649724,13649720
13649760,13649762
13649796,13649796
13649832,13649835
13649868,13649874
13649904,13649898
13649940,13649941
13649976,13649977
13650012,13650020
13650048,13650050
13650084,13650082
13650120,13650120
13650156,13650166
13650192,13650190
13650228,13650230
13650264,13650267
13650300,13650297
13650336,13650334
13650372,13650365
13650408,13650406
13650444,13650449
13650480,13650483
13650516,13650509
13650552,13650561
13650588,13650584
13650624,13650622
13650660,13650669
13650696,13650700
13650732,13650733
13650768,13650777
13650804,13650805
13650840,13650843
13650876,13650876
13650912,13650913
13650948,13650949
13650984,13650991
13651020,13651019
13651056,13651057
13651092,13651084
13651128,13651122
13651164,13651169
13651200,13651200
13651236,13651236
13651272,13651276
13651308,13651308
13651344,13651346
13651380,13651380
13651416,13651408
13651452,13651456
13651488,13651497
13651524,13651531
13651560,13651562
13651596,13651599
13651632,13651635
13651668,13651677
13651704,13651711
13651740,13651740
13651776,13651777
13651812,13651812
13651848,13651847
13651884,13651883
13651920,13651921
13651956,13651946
13651992,13651995
13652028,13652028
13652064,13652060
13652100,13652100
13652136,13652134
13652172,13652179
13652208,13652205
13652244,13652245
13652280,13652283
13652316,13652314
13652352,13652348
13652388,13652391
13652424,13652424
13652460,13652457
13652496,13652491
13652532,13652536
13652568,13652577
13652604,13652603
13652640,13652644
13652676,13652683
13652712,13652718
13652748,13652747
13652784,13652788
13652820,13652825
13652856,13652870
13652892,13652894
13652928,13652934
13652964,13652969
13653000,13653005
13653036,13653034
13653072,13653075
13653108,13653117
13653144,13653144
13653180,13653183
13653216,13653215
13653252,13653255
13653288,13653291
13653324,13653329
13653360,13653360
13653396,13653396
13653432,13653432
13653468,13653471
13653504,13653506
13653540,13653553
13653576,13653575
13653612,13653617
13653648,13653648
13653684,13653684
13653720,13653727
13653756,13653760
13653792,13653796
13653828,13653824
13653864,13653878
13653900,13653912
13653936,13653935
13666248,13666247
13666284,13666280
13666320,13666322
13666356,13666357
13666392,13666401
13666428,13666426
13666464,13666465
13666500,13666500
13666536,13666534
13666572,13666582
13666608,13666616
13666644,13666646
13666680,13666675
13666716,13666718
13666752,13666755
13666788,13666787
13666824,13666818
13666860,13666870
13666896,13666891
13666932,13666938
13666968,13666967
13667004,13667004
13667040,13667046
13667076,13667072
13667112,13667112
13667148,13667149
13667184,13667191
13667220,13667226
13667256,13667258
13667292,13667288
13667328,13667335
13667364,13667364
13667400,13667402
13673952,13673949
13673988,13673993
13674024,13674034
13674060,13674068
13674096,13674096
13674132,13674136
13674168,13674168
13674204,13674214
13674240,13674243
13674276,13674280
13674312,13674323
13674348,13674356
13674384,13674386
13674420,13674418
13674456,13674456
13674492,13674488
13674528,13674538
13674564,13674565
13674600,13674605
13674636,13674639
13674672,13674671
13674708,13674711
13674744,13674747
13674780,13674781
13674816,13674817
13674852,13674855
13674888,13674886
13674924,13674925
13674960,13674960
13674996,13674995
13675032,13675034
13675068,13675060
13675104,13675100
13675140,13675141
13675176,13675185
13675212,13675216
13675248,13675247
13675284,13675292
13675320,13675322
13675356,13675355
13675392,13675393
13675428,13675437
13675464,13675469
13675500,13675499
13675536,13675533
13675572,13675576
13675608,13675605
13675644,13675644
13675680,13675685
13675716,13675713
13675752,13675751
13675788,13675790
13675824,13675824
13675860,13675868
13675896,13675897
13675932,13675936
13675968,13675973
13676004,13676004
13676040,13676045
13676076,13676084
13676112,13676113
13676148,13676148
13676184,13676184
13676220,13676228
13676256,13676257
13676292,13676292
13676328,13676324
13676364,13676365
13676400,13676396
13676436,13676442
13676472,13676470
13676508,13676504
13676544,13676550
13676580,13676583
13676616,13676620
13676652,13676650
13676688,13676693
13676724,13676727
13676760,13676762
13676796,13676802
13676832,13676838
13676868,13676869
13676904,13676913
13676940,13676944
13676976,13676977
13677012,13677016
13677048,13677051
13677084,13677093
13677120,13677123
13677156,13677157
13677192,13677193
13677228,13677233
13677264,13677259
13677300,13677296
13677336,13677336
13677372,13677376
13677408,13677412
13677444,13677444
13677480,13677475
13677516,13677508
13677552,13677552
13677588,13677588
13677624,13677627
13677660,13677666
13677696,13677694
13677732,13677740
13677768,13677768
13677804,13677804
13677840,13677842
13677876,13677869
13677912,13677925
13677948,13677948
13677984,13677991
13678020,13678019
13678056,13678051
13678092,13678089
13678128,13678125
13678164,13678157
13678200,13678190
13678236,13678241
13678272,13678271
13678308,13678310
13678344,13678351
13678380,13678380
13678416,13678417
13678452,13678458
13678488,13678491
13678524,13678526
13678560,13678557
13678596,13678594
13678632,13678637
13678668,13678668
13678704,13678709
13678740,13678745
13678776,13678779
13678812,13678817
13678848,13678850
13678884,13678891
13678920,13678912
13678956,13678955
13678992,13678995
13679028,13679037
13679064,13679058
13679100,13679100
13679136,13679139
13679172,13679180
13679208,13679208
13679244,13679236
13679280,13679283
13679316,13679321
13679352,13679356
13679388,13679391
13679424,13679428
13679460,13679459
13679496,13679500
13679532,13679537
13679568,13679569
13679604,13679602
13679640,13679639
13679676,13679681
13679712,13679711
13679748,13679755
13679784,13679786
13679820,13679820
13679856,13679861
13679892,13679893
13679928,13679940
13679964,13679972
13680000,13679999
13680036,13680036
13680072,13680065
13680108,13680113
13680144,13680147
13680180,13680182
13680216,13680211
13680252,13680261
13680288,13680295
13680324,13680324
13680360,13680359
13680396,13680396
13680432,13680437
13680468,13680471
13680504,13680505
13680540,13680540
13680576,13680572
13680612,13680611
13680648,13680642
13680684,13680690
13680720,13680721
13680756,13680757
13680792,13680792
13680828,13680825
13680864,13680856
13680900,13680898
13680936,13680935
13680972,13680972
13681008,13681013
13681044,13681049
13681080,13681077
13681116,13681114
13681152,13681158
13681188,13681179
13681224,13681224
13681260,13681265
13681296,13681298
13681332,13681332
13681368,13681372
13681404,13681403
13681440,13681438
13681476,13681478
13681512,13681512
13681548,13681552
13681584,13681591
13681620,13681628
13681656,13681646
13681692,13681695
13681728,13681732
13681764,13681769
13681800,13681800
13681836,13681836
13681872,13681875
13681908,13681906
13681944,13681938
13681980,13681985
13682016,13682020
13682052,13682048
13682088,13682094
13682124,13682122
13682160,13682163
13682196,13682192
13682232,13682233
13682268,13682267
13682304,13682304
13682340,13682343
13682376,13682380
13682412,13682409
13682448,13682456
13682484,13682482
13682520,13682514
13682556,13682556
13682592,13682602
13682628,13682628
13682664,13682659
13682700,13682699
13682736,13682739
13682772,13682776
13682808,13682811
13682844,13682850
13682880,13682891
13682916,13682918
13682952,13682955
13682988,13682989
13683024,13683027
13683060,13683067
13683096,13683099
13683132,13683129
13683168,13683174
13683204,13683213
13683240,13683242
13683276,13683287
13683312,13683318
13683348,13683343
13683384,13683384
13683420,13683417
13683456,13683456
13683492,13683490
13683528,13683530
13683564,13683568
13683600,13683593
13683636,13683641
13683672,13683673
13683708,13683714
13683744,13683744
13683780,13683771
13683816,13683817
13683852,13683855
13683888,13683891
13683924,13683925
13683960,13683957
13683996,13683994
13684032,13684030
13684068,13684065
13684104,13684105
13684140,13684143
13684176,13684181
13684212,13684215
13684248,13684249
13684284,13684288
13684320,13684321
13684356,13684353
13684392,13684398
13684428,13684429
13684464,13684465
13686408,13686417
13686444,13686440
13686480,13686481
13686516,13686516
13686552,13686558
13686588,13686588
13686624,13686624
13688460,13688462
13688496,13688496
13688532,13688535
13688568,13688561
13688604,13688609
13688640,13688642
13688676,13688673
13688712,13688717
13688748,13688741
13688784,13688781
13688820,13688827
13688856,13688860
13688892,13688891
13688928,13688937
13688964,13688964
13689000,13689001
13689036,13689038
13689072,13689077
13689108,13689112
13689144,13689142
13689180,13689180
13689216,13689220
13689252,13689259
13689288,13689291
13689324,13689330
13689360,13689366
13689396,13689394
13689432,13689433
13689468,13689480
13689504,13689504
13689540,13689545
13689576,13689572
13689612,13689629
13689648,13689647
13689684,13689689
13689720,13689724
13689756,13689751
13689792,13689793
13689828,13689835
13689864,13689864
13689900,13689906
13689936,13689936
13689972,13689980
13690008,13690021
13690044,13690041
13690080,13690083
13690116,13690115
13690152,13690150
13690188,13690190
13690224,13690227
13690260,13690264
13690296,13690300
13690332,13690324
13690368,13690368
13690404,13690396
13690440,13690443
13690476,13690482
13690512,13690515
13690548,13690548
13690584,13690587
13690620,13690625
13690656,13690660
13690692,13690692
13690728,13690728
13690764,13690772
13690800,13690801
13690836,13690838
13690872,13690874
13690908,13690912
13690944,13690948
13690980,13690980
13691016,13691016
13691052,13691052
13691088,13691090
13691124,13691128
13691160,13691156
13691196,13691205
13691232,13691229
13691268,13691270
13691304,13691301
13691340,13691340
13691376,13691377
13691412,13691416
13691448,13691451
13691484,13691489
13691520,13691520
13691556,13691565
13691592,13691587
13691628,13691631
13691664,13691667
13691700,13691700
13691736,13691737
13691772,13691770
13691808,13691811
13691844,13691844
13691880,13691885
13691916,13691919
13697352,13697356
13697388,13697397
13697424,13697432
13697460,13697480
13697496,13697494
13697532,13697532
13697568,13697567
13697604,13697608
13697640,13697638
13697676,13697681
13697712,13697705
13697748,13697754
13697784,13697788
13697820,13697829
13697856,13697861
13697892,13697894
13697928,13697931
13697964,13697956
13698000,13698000
13698036,13698038
13698072,13698082
13698108,13698110
13698144,13698138
13698180,13698192
13698216,13698213
13698252,13698253
13698288,13698285
13698324,13698309
13698360,13698365
13698396,13698396
13698432,13698437
13698468,13698467
13698504,13698508
13698540,13698549
13698576,13698580
13698612,13698612
13698648,13698648
13701996,13701999
13702032,13702032
13702068,13702071
13702104,13702100
13702140,13702140
13702176,13702179
13702212,13702212
13702248,13702245
13702284,13702274
13702320,13702319
13702356,13702354
13702392,13702391
13702428,13702431
13702464,13702457
13702500,13702505
13702536,13702531
13702572,13702585
13702608,13702615
13702644,13702648
13702680,13702678
13702716,13702718
13702752,13702754
13702788,13702787
13702824,13702823
13702860,13702866
13702896,13702898
13702932,13702943
13702968,13702975
13703004,13703005
13703040,13703044
13703076,13703078
13703112,13703108
13703148,13703152
13703184,13703182
13703220,13703228
13703256,13703262
13703292,13703282
13703328,13703330
13703364,13703361
13703400,13703410
13703436,13703437
13703472,13703475
13703508,13703512
13703544,13703541
13703580,13703582
13703616,13703624
13703652,13703651
13703688,13703692
13703724,13703724
13703760,13703772
13703796,13703807
13703832,13703833
13703868,13703868
13703904,13703908
13703940,13703941
13703976,13703977
13704012,13704011
13704048,13704058
13704084,13704097
13704120,13704124
13704156,13704150
13704192,13704187
13704228,13704232
13704264,13704261
13704300,13704299
13704336,13704338
13704372,13704372
13704408,13704415
13704444,13704440
13704480,13704482
13704516,13704512
13704552,13704554
13704588,13704581
13704624,13704624
13704660,13704667
13704696,13704695
13704732,13704735
13704768,13704767
13704804,13704806
13704840,13704840
13704876,13704880
13704912,13704909
13704948,13704948
13704984,13704989
13705020,13705019
13705056,13705061
13705092,13705098
13705128,13705130
13705164,13705156
13705200,13705210
13705236,13705232
13705272,13705273
13705308,13705311
13705344,13705354
13705380,13705382
13705416,13705414
13705452,13705457
13705488,13705498
13705524,13705522
13705560,13705565
13705596,13705597
13705632,13705634
13705668,13705668
13705704,13705707
13705740,13705744
13705776,13705790
13705812,13705805
13705848,13705858
13705884,13705886
13705920,13705917
13705956,13705951
13705992,13706001
13706028,13706022
13706064,13706075
13706100,13706096
13706136,13706140
13706172,13706170
13706208,13706204
13706244,13706243
13706280,13706291
13706316,13706318
13706352,13706355
13706388,13706394
13706424,13706432
13706460,13706458
13706496,13706500
13706532,13706534
13706568,13706568
13706604,13706596
13706640,13706647
13706676,13706682
13706712,13706712
13706748,13706768
13706784,13706780
13706820,13706820
13706856,13706859
13706892,13706891
13706928,13706929
13706964,13706973
13707000,13706997
13707036,13707028
13707072,13707071
13707108,13707106
13707144,13707144
13707180,13707179
13707216,13707217
13707252,13707265
13707288,13707289
13707324,13707336
13707360,13707361
13707396,13707395
13707432,13707424
13707468,13707470
13707504,13707508
13707540,13707554
13707576,13707569
13713516,13713514
13713552,13713549
13713588,13713589
13713624,13713618
13713660,13713660
13713696,13713690
13713732,13713732
13713768,13713769
13713804,13713811
13713840,13713841
13713876,13713876
13713912,13713916
13713948,13713946
13713984,13713991
13714020,13714021
13714056,13714060
13714092,13714092
13714128,13714129
13714164,13714164
13714200,13714199
13714236,13714237
13714272,13714277
13714308,13714303
13714344,13714345
13714380,13714386
13714416,13714416
13714452,13714459
13714488,13714493
13714524,13714521
13714560,13714559
13714596,13714604
13714632,13714639
13714668,13714671
13714704,13714706
13714740,13714730
13714776,13714777
13714812,13714805
13714848,13714848
13714884,13714885
13714920,13714920
13714956,13714960
13714992,13714994
13715028,13715024
13715064,13715064
13715100,13715106
13715136,13715148
13715172,13715169
13715208,13715212
13715244,13715251
13715280,13715284
13715316,13715316
13715352,13715360
13715388,13715399
13715424,13715426
13715460,13715458
13715496,13715491
13715532,13715537
13715568,13715576
13715604,13715604
13715640,13715642
13715676,13715676
13715712,13715724
13715748,13715746
13715784,13715789
13715820,13715819
13715856,13715861
13715892,13715896
13715928,13715936
13715964,13715965
13716000,13715999
13716036,13716036
13716072,13716070
13716108,13716114
13716144,13716145
13716180,13716174
13716216,13716219
13716252,13716252
13716288,13716282
13716324,13716324
13716360,13716361
13716396,13716395
13716432,13716431
13716468,13716464
13716504,13716500
13716540,13716551
13716576,13716571
13716612,13716616
13716648,13716652
13716684,13716685
13716720,13716712
13716756,13716763
13716792,13716791
13716828,13716840
13716864,13716864
13716900,13716896
13716936,13716943
13716972,13716972
13717008,13717011
13717044,13717050
13717080,13717077
13717116,13717112
13717152,13717153
13717188,13717194
13717224,13717225
13717260,13717260
13717296,13717304
13717332,13717339
13717368,13717369
13717404,13717416
13717440,13717440
13717476,13717479
13717512,13717510
13717548,13717553
13717584,13717591
13717620,13717621
13717656,13717651
13717692,13717695
13717728,13717729
13717764,13717767
13717800,13717796
13717836,13717839
13717872,13717871
13717908,13717914
13717944,13717946
13717980,13717980
13718016,13718018
13718052,13718057
13718088,13718098
13718124,13718124
13718160,13718163
13718196,13718195
13718232,13718234
13721940,13721942
13724172,13724170
13724208,13724209
13724244,13724250
13724280,13724281
13724316,13724311
13724352,13724352
13724388,13724390
13724424,13724434
13724460,13724463
13724496,13724494
13724532,13724550
13724568,13724574
13724604,13724607
13724640,13724638
13724676,13724672
13724712,13724713
13724748,13724750
13724784,13724783
13724820,13724823
13724856,13724856
13724892,13724886
13724928,13724938
13724964,13724957
13725000,13725006
13725036,13725035
13725072,13725063
13725108,13725105
13725144,13725151
13725180,13725174
13725216,13725215
13725252,13725260
13725288,13725285
13725324,13725328
13725360,13725354
13725396,13725397
13725432,13725432
13725468,13725469
13725504,13725502
13725540,13725547
13725576,13725569
13725612,13725619
13725648,13725649
13725684,13725682
13725720,13725723
13725756,13725760
13725792,13725793
13725828,13725828
13725864,13725875
13725900,13725902
13725936,13725933
13725972,13725983
13726008,13726013
13726044,13726045
13726080,13726077
13726116,13726122
13726152,13726152
13726188,13726188
13726224,13726224
13730688,13730690
13730724,13730723
13730760,13730760
13730796,13730806
13730832,13730837
13730868,13730870
13730904,13730907
13730940,13730940
13730976,13730981
13731012,13731012
13731048,13731047
13731084,13731092
13731120,13731121
13731156,13731162
13731192,13731191
13731228,13731228
13731264,13731269
13731300,13731302
13731336,13731338
13731372,13731374
13731408,13731401
13731444,13731448
13731480,13731482
13731516,13731510
13731552,13731557
13731588,13731594
13731624,13731635
13731660,13731661
13731696,13731701
13731732,13731726
13731768,13731781
13731804,13731805
13731840,13731843
13731876,13731877
13731912,13731910
13731948,13731943
13731984,13731988
13732020,13732015
13732056,13732061
13732092,13732091
13732128,13732132
13732164,13732165
13732200,13732200
13732236,13732235
13732272,13732276
13732308,13732314
13732344,13732352
13732380,13732376
13732416,13732416
13732452,13732453
13732488,13732496
13732524,13732525
13732560,13732553
13732596,13732596
13732632,13732623
13732668,13732676
13732704,13732705
13732740,13732745
13732776,13732765
13732812,13732812
13732848,13732845
13732884,13732885
13732920,13732926
13732956,13732953
13732992,13733000
13733028,13733028
13733064,13733069
13733100,13733100
13738068,13738069
13738104,13738107
13738140,13738144
13738176,13738180
13738212,13738206
13738248,13738251
13738284,13738283
13738320,13738320
13738356,13738362
13738392,13738388
13738428,13738435
13738464,13738467
13738500,13738494
13738536,13738535
13738572,13738570
13738608,13738607
13738644,13738647
13738680,13738686
13738716,13738725
13738752,13738752
13738788,13738793
13738824,13738824
13738860,13738861
13738896,13738896
13738932,13738938
13738968,13738963
13739004,13739004
13739040,13739036
13739076,13739079
13739112,13739115
13739148,13739152
13739184,13739176
13739220,13739219
13739256,13739256
13739292,13739295
13739328,13739325
13739364,13739368
13739400,13739404
13739436,13739438
13739472,13739461
13739508,13739503
13739544,13739550
13739580,13739580
13739616,13739612
13739652,13739647
13739688,13739688
13739724,13739726
13739760,13739753
13739796,13739796
13739832,13739837
13739868,13739874
13739904,13739904
13739940,13739935
13739976,13739979
13740012,13740008
13740048,13740055
13740084,13740087
13740120,13740112
13740156,13740156
13740192,13740191
13740228,13740220
13740264,13740273
13740300,13740300
13740336,13740336
13740372,13740375
13740408,13740408
13740444,13740442
13740480,13740483
13740516,13740515
13740552,13740558
13740588,13740584
13740624,13740622
13740660,13740668
13740696,13740697
13740732,13740731
13740768,13740777
13740804,13740805
13740840,13740835
13740876,13740875
13740912,13740914
13740948,13740951
13740984,13740979
13741020,13741021
13741056,13741054
13741092,13741092
13741128,13741127
13741164,13741167
13741200,13741200
13741236,13741242
13741272,13741271
13741308,13741312
13741344,13741340
13741380,13741374
13741416,13741418
13741452,13741449
13741488,13741488
13741524,13741522
13741560,13741567
13741596,13741598
13741632,13741635
13741668,13741665
13741704,13741704
13741740,13741739
13741776,13741776
13741812,13741816
13741848,13741848
13741884,13741882
13741920,13741930
13741956,13741962
13741992,13741990
13742028,13742026
13742064,13742067
13742100,13742100
13742136,13742139
13742172,13742172
13742208,13742205
13742244,13742244
13742280,13742280
13742316,13742317
13742352,13742352
13742388,13742377
13742424,13742423
13742460,13742468
13742496,13742495
13742532,13742542
13742568,13742568
13742604,13742599
13742640,13742639
13742676,13742680
13742712,13742714
13742748,13742754
13742784,13742786
13742820,13742825
13742856,13742856
13742892,13742887
13742928,13742934
13742964,13742970
13754196,13754201
13754232,13754229
13754268,13754271
13754304,13754297
13754340,13754343
13754376,13754368
13754412,13754404
13754448,13754448
13754484,13754484
13754520,13754524
13754556,13754553
13754592,13754600
13754628,13754621
13754664,13754667
13754700,13754703
13754736,13754736
13754772,13754769
13754808,13754811
13754844,13754846
13754880,13754878
13754916,13754922
13754952,13754967
13754988,13754986
13755024,13755033
13755060,13755069
13755096,13755098
13755132,13755140
13755168,13755175
13755204,13755207
13755240,13755247
13755276,13755275
13755312,13755309
13755348,13755347
13755384,13755384
13755420,13755432
13755456,13755447
13755492,13755498
13755528,13755526
13755564,13755569
13755600,13755608
13755636,13755636
13755672,13755676
13755708,13755716
13755744,13755744
13755780,13755776
13755816,13755817
13755852,13755857
13755888,13755889
13755924,13755922
13755960,13755968
13755996,13755996
13756032,13756028
13756068,13756063
13756104,13756103
13756140,13756146
13756176,13756177
13756212,13756215
13756248,13756248
13756284,13756285
13756320,13756328
13756356,13756358
13756392,13756393
13756428,13756433
13756464,13756461
13756500,13756499
13756536,13756532
13756572,13756575
13756608,13756614
13756644,13756648
13756680,13756685
13756716,13756712
13756752,13756752
13756788,13756797
13756824,13756828
13756860,13756870
13756896,13756901
13756932,13756944
13756968,13756967
13757004,13756998
13757040,13757035
13757076,13757073
13757112,13757112
13757148,13757148
13757184,13757189
13757220,13757221
13757256,13757260
13757292,13757302
13757328,13757330
13757364,13757356
13757400,13757404
13757436,13757442
13757472,13757480
13757508,13757512
13757544,13757548
13757580,13757583
13757616,13757623
13757652,13757662
13757688,13757681
13757724,13757725
13757760,13757764
13757796,13757794
13757832,13757838
13757868,13757873
13757904,13757909
13757940,13757945
13757976,13757978
13758012,13758013
13758048,13758050
13758084,13758086
13758120,13758123
13758156,13758160
13758192,13758192
13758228,13758229
13758264,13758266
13758300,13758298
13758336,13758338
13758372,13758373
13758408,13758406
13758444,13758446
13758480,13758481
13758516,13758508
13758552,13758552
13758588,13758587
13758624,13758620
13758660,13758659
13758696,13758702
13758732,13758742
13758768,13758769
13758804,13758805
13758840,13758838
13758876,13758872
13758912,13758912
13758948,13758948
13758984,13758989
13759020,13759032
13759056,13759056
13759092,13759092
13759128,13759135
13759164,13759160
13759200,13759213
13759236,13759242
13759272,13759275
13759308,13759312
13759344,13759348
13759380,13759380
13759416,13759418
13759452,13759457
13759488,13759493
13759524,13759521
13759560,13759560
13759596,13759598
13759632,13759630
13759668,13759672
13759704,13759701
13759740,13759740
13759776,13759779
13759812,13759812
13759848,13759851
13759884,13759881
13759920,13759923
13759956,13759965
13759992,13759998
13760028,13760041
13760064,13760058
13760100,13760102
13760136,13760138
13760172,13760178
13760208,13760214
13760244,13760242
13760280,13760283
13760316,13760314
13760352,13760352
13760388,13760388
13760424,13760424
13760460,13760453
13760496,13760503
13760532,13760527
13760568,13760570
13760604,13760608
13760640,13760642
13760676,13760682
13760712,13760712
13760748,13760750
13760784,13760784
13760820,13760825
13760856,13760852
13760892,13760893
13760928,13760934
13764168,13764171
13764204,13764208
13764240,13764244
13764276,13764281
13764312,13764313
13764348,13764342
13764384,13764392
13764420,13764428
13764456,13764459
13764492,13764483
13764528,13764525
13764564,13764574
13764600,13764610
13764636,13764635
13764672,13764674
13764708,13764705
13764744,13764749
13764780,13764780
13764816,13764814
13764852,13764845
13764888,13764894
13764924,13764922
13764960,13764962
13764996,13765006
13765032,13765034
13765068,13765079
13765104,13765115
13765140,13765145
13768992,13768995
13769028,13769035
13769064,13769058
13769100,13769102
13769136,13769143
13769172,13769166
13769208,13769205
13769244,13769251
13769280,13769280
13769316,13769321
13769352,13769352
13769388,13769390
13769424,13769425
13769460,13769460
13769496,13769497
13769532,13769530
13769568,13769567
13769604,13769609
13769640,13769640
13769676,13769682
13769712,13769708
13769748,13769757
13769784,13769776
13769820,13769829
13769856,13769856
13769892,13769895
13769928,13769928
13769964,13769960
13770000,13770000
13770036,13770042
13770072,13770073
13770108,13770117
13770144,13770144
13770180,13770180
13770216,13770223
13770252,13770253
13770288,13770290
13770324,13770330
13770360,13770367
13770396,13770407
13770432,13770436
13770468,13770467
13770504,13770500
13770540,13770540
13770576,13770572
13770612,13770622
13770648,13770649
13770684,13770684
13770720,13770718
13770756,13770762
13770792,13770791
13770828,13770824
13770864,13770871
13770900,13770904
13770936,13770947
13770972,13770973
13771008,13771017
13771044,13771044
13771080,13771081
13771116,13771117
13771152,13771144
13771188,13771193
13771224,13771228
13771260,13771257
13771296,13771297
13771332,13771332
13771368,13771362
13771404,13771409
13771440,13771440
13771476,13771475
13771512,13771510
13771548,13771546
13771584,13771580
13771620,13771628
13771656,13771658
13771692,13771693
13771728,13771715
13771764,13771774
13771800,13771805
13771836,13771830
13771872,13771872
13771908,13771903
13771944,13771950
13771980,13771979
13772016,13772022
13772052,13772055
13772088,13772092
13772124,13772119
13772160,13772164
13772196,13772194
13772232,13772232
13772268,13772268
13772304,13772299
13772340,13772347
13772376,13772376
13772412,13772415
13772448,13772446
13772484,13772483
13772520,13772522
13772556,13772554
13772592,13772596
13772628,13772635
13772664,13772663
13772700,13772700
13772736,13772746
13772772,13772772
13772808,13772807
13772844,13772842
13772880,13772884
13772916,13772926
13772952,13772952
13772988,13772988
13773024,13773028
13773060,13773058
13773096,13773096
13773132,13773137
13773168,13773168
13773204,13773207
13773240,13773241
13773276,13773281
13773312,13773312
13773348,13773358
13773384,13773384
13773420,13773415
13773456,13773457
13773492,13773496
13773528,13773528
13773564,13773568
13773600,13773604
13773636,13773636
13773672,13773677
13773708,13773698
13773744,13773754
13773780,13773784
13773816,13773813
13773852,13773850
13773888,13773892
13773924,13773932
13773960,13773966
13773996,13773996
13774032,13774024
13774068,13774066
13774104,13774104
13774140,13774141
13774176,13774173
13774212,13774211
13774248,13774250
13774284,13774284
13774320,13774320
13774356,13774359
13774392,13774400
13774428,13774434
13774464,13774478
13774500,13774496
13774536,13774534
13774572,13774572
13774608,13774615
13774644,13774649
13774680,13774676
13774716,13774708
13774752,13774757
13774788,13774789
13774824,13774829
13774860,13774862
13774896,13774903
13774932,13774937
13774968,13774974
13775004,13775004
13775040,13775045
13775076,13775074
13775112,13775120
13775148,13775145
13775184,13775187
13775220,13775219
13775256,13775253
13775292,13775296
13775328,13775334
13775364,13775367
13775400,13775402
13775436,13775433
13775472,13775475
13775508,13775509
13775544,13775546
13775580,13775587
13775616,13775611
13775652,13775652
13775688,13775688
13775724,13775738
13775760,13775756
13775796,13775796
13775832,13775837
13775868,13775873
13775904,13775904
13775940,13775940
13775976,13775973
13776012,13776015
13776048,13776044
13776084,13776084
13776120,13776123
13776156,13776159
13776192,13776209
13776228,13776223
13776264,13776264
13776300,13776300
13776336,13776343
13776372,13776380
13776408,13776405
13776444,13776448
13776480,13776476
13776516,13776520
13776552,13776554
13776588,13776589
13776624,13776627
13776660,13776670
13776696,13776699
13776732,13776727
13776768,13776771
13776804,13776804
13776840,13776848
13776876,13776881
13776912,13776916
13776948,13776951
13776984,13776988
13777020,13777019
13777056,13777059
13777092,13777095
13777128,13777120
13777164,13777158
13777200,13777208
13777236,13777242
13777272,13777267
13777308,13777314
13777344,13777345
13777380,13777377
13777416,13777420
13777452,13777455
13777488,13777489
13777524,13777519
13777560,13777560
13777596,13777597
13777632,13777633
13777668,13777670
13777704,13777702
13777740,13777751
13777776,13777774
13777812,13777821
13777848,13777842
13777884,13777893
13777920,13777920
13777956,13777957
13777992,13777985
13778028,13778032
13778064,13778062
13778100,13778107
13778136,13778142
13778172,13778180
13778208,13778217
13778244,13778243
13778280,13778285
13778316,13778321
13778352,13778356
13778388,13778393
13778424,13778432
13778460,13778459
13778496,13778493
13778532,13778535
13778568,13778582
13778604,13778604
13778640,13778647
13778676,13778676
13778712,13778721
13778748,13778749
13778784,13778789
13778820,13778819
13778856,13778862
13778892,13778899
13778928,13778935
13778964,13778967
13779000,13778995
13779036,13779038
13779072,13779071
13779108,13779106
13779144,13779143
13779180,13779180
13779216,13779224
13779252,13779255
13779288,13779304
13779324,13779326
13779360,13779361
13779396,13779402
13779432,13779431
13779468,13779471
13779504,13779503
13779540,13779542
13779576,13779581
13779612,13779609
13779648,13779649
13779684,13779681
13779720,13779717
13779756,13779753
13779792,13779792
13779828,13779834
13779864,13779867
13779900,13779888
13779936,13779938
13779972,13779969
13780008,13780018
13780044,13780042
13780080,13780077
13780116,13780114
13780152,13780160
13780188,13780188
13780224,13780228
13780260,13780265
13780296,13780301
13780332,13780336
13780368,13780377
13780404,13780394
13780440,13780443
13780476,13780472
13780512,13780512
13780548,13780553
13780584,13780584
13780620,13780623
13780656,13780656
13780692,13780699
13780728,13780735
13780764,13780757
13780800,13780801
13780836,13780836
13780872,13780880
13780908,13780914
13780944,13780947
13780980,13780987
13781016,13781021
13781052,13781056
13781088,13781086
13781124,13781132
13781160,13781160
13781196,13781195
13781232,13781242
13781268,13781271
13781304,13781318
13781340,13781336
13781376,13781381
13781412,13781415
13781448,13781448
13781484,13781487
13781520,13781522
13781556,13781555
13781592,13781593
13781628,13781627
13781664,13781664
13781700,13781704
13781736,13781741
13781772,13781766
13781808,13781807
13781844,13781836
13781880,13781881
13781916,13781924
13781952,13781952
13781988,13781985
13782024,13782020
13782060,13782060
13782096,13782093
13782132,13782141
13782168,13782170
13782204,13782204
13785372,13785377
13785408,13785410
13785444,13785448
13785480,13785475
13785516,13785529
13785552,13785552
13785588,13785581
13785624,13785630
13785660,13785662
13785696,13785695
13785732,13785728
13785768,13785777
13785804,13785807
13785840,13785839
13785876,13785871
13785912,13785915
13785948,13785960
13785984,13785984
13786020,13786021
13786056,13786053
13786092,13786093
13786128,13786125
13786164,13786163
13786200,13786201
13786236,13786237
13786272,13786275
13786308,13786313
13786344,13786339
13786380,13786379
13786416,13786413
13786452,13786454
13786488,13786488
13786524,13786522
13786560,13786568
13786596,13786596
13786632,13786631
13786668,13786677
13786704,13786707
13786740,13786742
13786776,13786778
13786812,13786815
13786848,13786848
13786884,13786890
13786920,13786921
13786956,13786965
13786992,13787003
13787028,13787028
13787064,13787060
13787100,13787105
13787136,13787143
13787172,13787172
13787208,13787209
13787244,13787246
13787280,13787285
13787316,13787318
13787352,13787360
13787388,13787391
13787424,13787431
13787460,13787461
13787496,13787497
13787532,13787539
13787568,13787571
13787604,13787602
13787640,13787646
13787676,13787677
13787712,13787721
13787748,13787753
13787784,13787782
13787820,13787820
13787856,13787856
13787892,13787896
13787928,13787924
13787964,13787958
13788000,13788002
13788036,13788037
13788072,13788079
13788108,13788112
13788144,13788153
13788180,13788186
13788216,13788225
13788252,13788255
13788288,13788282
13788324,13788324
13788360,13788352
13788396,13788401
13788432,13788441
13795128,13795132
13795164,13795164
13795200,13795200
13795236,13795235
13795272,13795272
13795308,13795307
13795344,13795351
13795380,13795380
13795416,13795410
13795452,13795452
13795488,13795490
13795524,13795529
13795560,13795561
13795596,13795603
13795632,13795626
13795668,13795677
13795704,13795704
13795740,13795742
13795776,13795780
13795812,13795803
13795848,13795855
13795884,13795882
13795920,13795925
13795956,13795958
13801428,13801430
13801464,13801463
13801500,13801500
13801536,13801543
13801572,13801576
13801608,13801612
13801644,13801636
13801680,13801679
13801716,13801724
13801752,13801747
13801788,13801791
13801824,13801828
13801860,13801860
13804956,13804959
13804992,13804990
13805028,13805029
13805064,13805065
13805100,13805105
13805136,13805132
13805172,13805174
13805208,13805219
13805244,13805250
13805280,13805284
13805316,13805307
13805352,13805348
13805388,13805388
13805424,13805422
13805460,13805461
13805496,13805495
13805532,13805532
13805568,13805570
13805604,13805604
13805640,13805642
13805676,13805682
13805712,13805720
13805748,13805745
13805784,13805783
13805820,13805825
13805856,13805856
13805892,13805895
13805928,13805926
13805964,13805973
13806000,13805999
13806036,13806034
13806072,13806072
13806108,13806105
13806144,13806145
13806180,13806180
13806216,13806212
13806252,13806252
13806288,13806291
13806324,13806321
13806360,13806356
13806396,13806394
13806432,13806429
13806468,13806467
13806504,13806505
13806540,13806546
13806576,13806576
13806612,13806616
13806648,13806661
13806684,13806691
13806720,13806723
13806756,13806754
13806792,13806792
13806828,13806832
13806864,13806862
13806900,13806904
13806936,13806940
13806972,13806971
13807008,13807008
13807044,13807041
13807080,13807081
13807116,13807125
13807152,13807152
13807188,13807188
13807224,13807220
13807260,13807269
13807296,13807295
13807332,13807334
13807368,13807368
13807404,13807404
13807440,13807446
13807476,13807478
13807512,13807512
13807548,13807555
13807584,13807589
13807620,13807622
13807656,13807649
13807692,13807693
13807728,13807732
13807764,13807764
13807800,13807808
13807836,13807830
13807872,13807874
13807908,13807898
13807944,13807940
13807980,13807988
13808016,13808024
13808052,13808052
13808088,13808090
13808124,13808124
13808160,13808168
13808196,13808203
13808232,13808230
13808268,13808266
13808304,13808304
13808340,13808340
13808376,13808382
13808412,13808410
13808448,13808445
13808484,13808486
13808520,13808525
13808556,13808562
13808592,13808585
13808628,13808630
13808664,13808663
13808700,13808697
13808736,13808740
13808772,13808773
13808808,13808808
13808844,13808847
13808880,13808880
13808916,13808915
13808952,13808955
13808988,13808988
13809024,13809029
13809060,13809061
13809096,13809093
13809132,13809134
13809168,13809177
13809204,13809206
13809240,13809241
13809276,13809271
13809312,13809313
13809348,13809348
13809384,13809386
13809420,13809423
13809456,13809455
13809492,13809492
13809528,13809525
13809564,13809572
13809600,13809597
13809636,13809635
13809672,13809671
13809708,13809714
13809744,13809744
13809780,13809773
13809816,13809822
13809852,13809855
13809888,13809896
13809924,13809926
13809960,13809963
13809996,13809989
13810032,13810039
13810068,13810069
13810104,13810115
13810140,13810139
13810176,13810174
13810212,13810211
13810248,13810251
13810284,13810284
13810320,13810316
13810356,13810356
13810392,13810394
13810428,13810434
13810464,13810460
13810500,13810502
13810536,13810538
13810572,13810573
13810608,13810616
13810644,13810644
13810680,13810679
13810716,13810710
13810752,13810750
13810788,13810787
13810824,13810824
13810860,13810866
13810896,13810902
13810932,13810931
13810968,13810972
13811004,13811009
13811040,13811046
13811076,13811079
13811112,13811108
13811148,13811144
13811184,13811187
13811220,13811227
13811256,13811258
13811292,13811295
13811328,13811333
13811364,13811368
13811400,13811403
13811436,13811440
13811472,13811474
13811508,13811506
13811544,13811542
13811580,13811579
13811616,13811616
13811652,13811649
13811688,13811693
13811724,13811726
13811760,13811762
13811796,13811795
13811832,13811833
13811868,13811879
13811904,13811909
13811940,13811942
13811976,13811986
13812012,13812012
13812048,13812057
13812084,13812090
13812120,13812122
13812156,13812154
13812192,13812192
13812228,13812232
13812264,13812264
13812300,13812298
13812336,13812336
13812372,13812374
13812408,13812418
13812444,13812451
13812480,13812490
13812516,13812514
13812552,13812551
13812588,13812591
13812624,13812624
13812660,13812666
13812696,13812697
13812732,13812736
13812768,13812765
13812804,13812808
13812840,13812849
13812876,13812882
13812912,13812912
13812948,13812952
13812984,13812985
13813020,13813020
13813056,13813062
13813092,13813088
13813128,13813128
13813164,13813169
13820040,13820050
13820076,13820079
13820112,13820119
13820148,13820150
13820184,13820177
13820220,13820218
13820256,13820258
13820292,13820293
13820328,13820334
13820364,13820369
13820400,13820405
13820436,13820430
13820472,13820477
13820508,13820512
13820544,13820550
13820580,13820583
13820616,13820621
13820652,13820657
13820688,13820696
13820724,13820718
13820760,13820760
13820796,13820794
13820832,13820833
13820868,13820869
13820904,13820905
13820940,13820940
13820976,13820968
13821012,13821013
13821048,13821048
13821084,13821087
13821120,13821117
13821156,13821165
13821192,13821192
13821228,13821228
13821264,13821271
13821300,13821303
13821336,13821340
13821372,13821380
13821408,13821420
13821444,13821439
13821480,13821474
13821516,13821525
13821552,13821548
13821588,13821590
13821624,13821630
13821660,13821658
13821696,13821700
13821732,13821735
13821768,13821766
13821804,13821802
13821840,13821833
13821876,13821873
13821912,13821912
13821948,13821954
13821984,13821987
13822020,13822025
13822056,13822050
13822092,13822096
13822128,13822128
13822164,13822159
13822200,13822191
13822236,13822240
13822272,13822274
13822308,13822308
13822344,13822344
13822380,13822381
13822416,13822416
13822452,13822449
13822488,13822495
13822524,13822531
13822560,13822555
13822596,13822608
13822632,13822634
13822668,13822672
13822704,13822704
13822740,13822742
13822776,13822788
13822812,13822812
13822848,13822848
13822884,13822890
13822920,13822921
13822956,13822952
13822992,13822999
13823028,13823022
13823064,13823059
13823100,13823106
13823136,13823142
13823172,13823162
13823208,13823210
13823244,13823244
13823280,13823282
13823316,13823311
13823352,13823354
13823388,13823398
13823424,13823427
13823460,13823450
13823496,13823499
13823532,13823544
13823568,13823574
13823604,13823601
13823640,13823635
13823676,13823678
13823712,13823719
13823748,13823749
13823784,13823796
13823820,13823823
13823856,13823861
13823892,13823893
13823928,13823929
13823964,13823968
13824000,13824000
13824036,13824048
13824072,13824076
13824108,13824108
13824144,13824142
13824180,13824184
13824216,13824216
13824252,13824252
13824288,13824295
13824324,13824322
13824360,13824361
13824396,13824391
13824432,13824433
13824468,13824463
13824504,13824508
13824540,13824539
13824576,13824578
13824612,13824607
13824648,13824658
13824684,13824687
13824720,13824727
13824756,13824764
13824792,13824798
13824828,13824821
13824864,13824869
13824900,13824899
13824936,13824947
13824972,13824973
13825008,13825002
13825044,13825039
13825080,13825078
13825116,13825121
13825152,13825152
13825188,13825189
13825224,13825227
13825260,13825261
13825296,13825301
13825332,13825346
13825368,13825377
13825404,13825393
13825440,13825438
13825476,13825484
13825512,13825517
13825548,13825550
13825584,13825596
13825620,13825604
13825656,13825651
13825692,13825695
13825728,13825730
13825764,13825769
13825800,13825801
13825836,13825844
13825872,13825872
13825908,13825903
13825944,13825949
13825980,13825980
13826016,13826016
13826052,13826054
13826088,13826094
13826124,13826121
13826160,13826158
13826196,13826196
13826232,13826235
13826268,13826273
13826304,13826310
13826340,13826346
13826376,13826380
13826412,13826418
13826448,13826450
13826484,13826485
13826520,13826527
13826556,13826558
13826592,13826592
13826628,13826627
13826664,13826669
13826700,13826698
13826736,13826737
13826772,13826777
13826808,13826806
13826844,13826853
13826880,13826875
13826916,13826921
13826952,13826954
13826988,13826994
13827024,13827029
13827060,13827060
13827096,13827090
13827132,13827127
13827168,13827170
13827204,13827198
13827240,13827254
13827276,13827271
13827312,13827312
13827348,13827356
13827384,13827390
13827420,13827428
13827456,13827455
13827492,13827499
13827528,13827531
13827564,13827571
13827600,13827607
13827636,13827637
13827672,13827675
13827708,13827715
13827744,13827744
13827780,13827780
13827816,13827819
13827852,13827848
13827888,13827891
13827924,13827923
13827960,13827958
13827996,13827998
13828032,13828030
13828068,13828060
13828104,13828102
13828140,13828137
13828176,13828180
13828212,13828222
13828248,13828254
13828284,13828285
13828320,13828318
13828356,13828350
13828392,13828397
13828428,13828428
13828464,13828466
13828500,13828499
13828536,13828527
13828572,13828572
13828608,13828610
13828644,13828651
13828680,13828686
13828716,13828718
13828752,13828754
13828788,13828794
13828824,13828824
13828860,13828854
13828896,13828899
13828932,13828942
13828968,13828966
13829004,13828996
13829040,13829042
13829076,13829079
13829112,13829109
13829148,13829154
13829184,13829192
13829220,13829220
13829256,13829269
13829292,13829300
13829328,13829328
13829364,13829366
13829400,13829404
13829436,13829436
13829472,13829470
13829508,13829506
13829544,13829553
13829580,13829580
13829616,13829622
13829652,13829655
13829688,13829704
13829724,13829728
13829760,13829762
13834440,13834437
13834476,13834477
13834512,13834523
13834548,13834548
13834584,13834582
13834620,13834627
13834656,13834656
13834692,13834690
13834728,13834727
13834764,13834766
13834800,13834802
13834836,13834840
13834872,13834867
13834908,13834907
13834944,13834940
13834980,13834984
13835016,13835013
13835052,13835054
13835088,13835094
13835124,13835127
13835160,13835159
13835196,13835201
13835232,13835240
13835268,13835271
13835304,13835305
13835340,13835347
13835376,13835376
13835412,13835411
13835448,13835452
13835484,13835477
13835520,13835518
13835556,13835567
13835592,13835597
13835628,13835633
13835664,13835661
13835700,13835697
13835736,13835741
13835772,13835772
13835808,13835813
13835844,13835853
13835880,13835888
13835916,13835928
13835952,13835951
13835988,13836001
13836024,13836021
13836060,13836063
13836096,13836097
13836132,13836136
13836168,13836171
13836204,13836203
13836240,13836248
13836276,13836280
13836312,13836320
13836348,13836357
13836384,13836395
13836420,13836416
13836456,13836457
13836492,13836494
13836528,13836528
13836564,13836566
13836600,13836607
13836636,13836633
13836672,13836674
13836708,13836702
13836744,13836751
13836780,13836778
13836816,13836827
13836852,13836853
13836888,13836895
13836924,13836926
13836960,13836963
13836996,13837003
13837032,13837032
13837068,13837070
13837104,13837104
13837140,13837141
13837176,13837171
13837212,13837212
13837248,13837244
13837284,13837281
13837320,13837323
13837356,13837351
13837392,13837394
13837428,13837429
13837464,13837463
13837500,13837501
13837536,13837539
13837572,13837579
13837608,13837613
13837644,13837647
13837680,13837677
13837716,13837715
13837752,13837759
13837788,13837782
13837824,13837824
13837860,13837870
13837896,13837895
13837932,13837939
13837968,13837970
13838004,13838002
13838040,13838032
13838076,13838074
13838112,13838108
13838148,13838150
13838184,13838186
13838220,13838220
13838256,13838254
13838292,13838296
13838328,13838328
13838364,13838370
13838400,13838405
13838436,13838436
13838472,13838481
13838508,13838508
13838544,13838545
13838580,13838582
13838616,13838615
13838652,13838657
13838688,13838692
13838724,13838722
13838760,13838773
13838796,13838801
13838832,13838838
13838868,13838863
13838904,13838903
13838940,13838939
13838976,13838976
13839012,13839020
13839048,13839058
13839084,13839079
13839120,13839120
13839156,13839160
13839192,13839192
13839228,13839231
13839264,13839267
13839300,13839311
13839336,13839340
13839372,13839375
13839408,13839415
13839444,13839444
13839480,13839477
13839516,13839514
13839552,13839551
13839588,13839581
13839624,13839634
13839660,13839663
13839696,13839695
13839732,13839730
13839768,13839775
13839804,13839803
13839840,13839847
13839876,13839881
13839912,13839916
13839948,13839954
13839984,13839982
13840020,13840019
13840056,13840055
13840092,13840094
13840128,13840136
13840164,13840169
13840200,13840204
13840236,13840233
13840272,13840281
13840308,13840312
13840344,13840346
13840380,13840384
13840416,13840415
13840452,13840452
13840488,13840489
13840524,13840529
13840560,13840551
13840596,13840600
13840632,13840632
13840668,13840671
13840704,13840700
13840740,13840742
13840776,13840771
13846356,13846363
13846392,13846396
13846428,13846431
13846464,13846467
13846500,13846505
13846536,13846534
13846572,13846573
13846608,13846611
13846644,13846645
13850532,13850538
13850568,13850575
13850604,13850607
13850640,13850635
13850676,13850681
13850712,13850706
13850748,13850751
13850784,13850781
13850820,13850820
13850856,13850863
13850892,13850893
13850928,13850940
13850964,13850962
13851000,13850998
13851036,13851036
13851072,13851075
13851108,13851111
13851144,13851151
13851180,13851175
13851216,13851214
13851252,13851249
13851288,13851296
13851324,13851325
13851360,13851360
13851396,13851399
13851432,13851424
13851468,13851469
13851504,13851512
13851540,13851543
13851576,13851574
13851612,13851613
13851648,13851657
13851684,13851684
13851720,13851731
13851756,13851756
13851792,13851792
13851828,13851831
13851864,13851869
13851900,13851899
13851936,13851935
13851972,13851972
13858776,13858780
13858812,13858813
13858848,13858851
13858884,13858884
13858920,13858919
13858956,13858956
13858992,13858991
13859028,13859024
13859064,13859068
13859100,13859103
13859136,13859134
13859172,13859168
13859208,13859210
13859244,13859245
13859280,13859282
13859316,13859324
13859352,13859354
13859388,13859388
13859424,13859420
13859460,13859473
13859496,13859493
13859532,13859545
13859568,13859579
13859604,13859603
13859640,13859644
13859676,13859674
13859712,13859709
13859748,13859749
13859784,13859783
13859820,13859816
13859856,13859861
13859892,13859892
13859928,13859936
13859964,13859964
13860000,13860002
13860036,13860032
13860072,13860073
13860108,13860112
13860144,13860153
13860180,13860183
13860216,13860216
13860252,13860252
13860288,13860281
13860324,13860330
13860360,13860363
13860396,13860401
13860432,13860425
13860468,13860474
13860504,13860509
13860540,13860541
13860576,13860574
13860612,13860622
13860648,13860655
13860684,13860683
13860720,13860715
13860756,13860758
13860792,13860792
13860828,13860831
13860864,13860860
13860900,13860902
13860936,13860938
13860972,13860976
13861008,13861001
13861044,13861048
13861080,13861087
13861116,13861121
13861152,13861154
13861188,13861192
13861224,13861227
13861260,13861272
13861296,13861296
13861332,13861333
13861368,13861369
13861404,13861406
13861440,13861434
13861476,13861476
13861512,13861512
13861548,13861557
13861584,13861584
13861620,13861631
13861656,13861667
13861692,13861692
13861728,13861729
13867056,13867061
13867092,13867084
13867128,13867131
13867164,13867171
13867200,13867197
13867236,13867241
13867272,13867271
13867308,13867309
13867344,13867338
13867380,13867381
13867416,13867415
13867452,13867447
13867488,13867486
13867524,13867527
13867560,13867561
13867596,13867599
13867632,13867635
13867668,13867670
13867704,13867708
13867740,13867739
13867776,13867782
13867812,13867811
13867848,13867862
13867884,13867895
13867920,13867917
13867956,13867956
13867992,13867995
13868028,13868035
13868064,13868062
13868100,13868103
13868136,13868139
13868172,13868173
13868208,13868213
13868244,13868249
13868280,13868273
13868316,13868317
13868352,13868356
13868388,13868389
13868424,13868423
13868460,13868461
13868496,13868508
13868532,13868534
13868568,13868571
13868604,13868603
13868640,13868641
13868676,13868673
13868712,13868720
13868748,13868752
13868784,13868792
13879008,13879017
13879044,13879045
13879080,13879088
13879116,13879112
13879152,13879149
13879188,13879197
13879224,13879221
13879260,13879261
13879296,13879292
13879332,13879331
13879368,13879366
13879404,13879408
13879440,13879441
13879476,13879479
13879512,13879514
13879548,13879543
13879584,13879585
13879620,13879623
13879656,13879660
13879692,13879684
13879728,13879726
13879764,13879769
13879800,13879805
13879836,13879840
13879872,13879877
13879908,13879905
13879944,13879945
13879980,13879980
13880016,13880021
13880052,13880053
13880088,13880092
13880124,13880131
13880160,13880164
13880196,13880204
13880232,13880235
13880268,13880262
13880304,13880312
13880340,13880346
13880376,13880376
13880412,13880412
13880448,13880439
13880484,13880497
13880520,13880522
13880556,13880556
13880592,13880592
13880628,13880625
13880664,13880666
13880700,13880705
13880736,13880739
13880772,13880772
13880808,13880810
13880844,13880847
13880880,13880880
13880916,13880920
13880952,13880956
13880988,13880984
13881024,13881021
13881060,13881060
13881096,13881098
13881132,13881144
13881168,13881169
13881204,13881205
13881240,13881240
13881276,13881280
13881312,13881312
13881348,13881351
13881384,13881383
13881420,13881426
13881456,13881463
13881492,13881497
13881528,13881530
13881564,13881557
13881600,13881607
13881636,13881654
13881672,13881674
13881708,13881704
13881744,13881741
13881780,13881776
13881816,13881818
13881852,13881855
13881888,13881889
13881924,13881924
13881960,13881960
13881996,13882005
13882032,13882036
13882068,13882066
13882104,13882103
13882140,13882153
13882176,13882178
13882212,13882213
13882248,13882256
13882284,13882288
13882320,13882320
13882356,13882360
13882392,13882399
13882428,13882428
13882464,13882453
13882500,13882505
13882536,13882540
13882572,13882574
13882608,13882611
13882644,13882648
13882680,13882691
13882716,13882714
13882752,13882757
13882788,13882791
13882824,13882834
13882860,13882857
13882896,13882905
13882932,13882934
13882968,13882967
13883004,13883009
13883040,13883034
13883076,13883081
13883112,13883115
13883148,13883148
13883184,13883186
13883220,13883227
13883256,13883263
13883292,13883292
13883328,13883334
13883364,13883375
13883400,13883400
13883436,13883436
13883472,13883474
13883508,13883500
13883544,13883540
13883580,13883580
13883616,13883614
13883652,13883644
13883688,13883691
13883724,13883727
13883760,13883757
13883796,13883797
13883832,13883829
13883868,13883869
13883904,13883899
13883940,13883945
13883976,13883974
13884012,13884009
13884048,13884053
13884084,13884082
13884120,13884124
13884156,13884162
13884192,13884194
13884228,13884236
13884264,13884254
13884300,13884304
13884336,13884345
13884372,13884377
13884408,13884407
