dirty,truth
1504645654.36,1504645654.36
1504645654.37,1504645654.37
1504645654.38,1504645654.38
1504645654.39,1504645654.39
1504645655.184,1504645655.19
1504645655.194,1504645655.2
1504645655.204,1504645655.21
1504645655.214,1504645655.22
1504645655.224,1504645655.23
1504645655.234,1504645655.24
1504645655.244,1504645655.25
1504645655.254,1504645655.26
1504645655.264,1504645655.27
1504645655.274,1504645655.28
1504645655.284,1504645655.29
1504645655.294,1504645655.3
1504645655.304,1504645655.31
1504645655.314,1504645655.32
1504645655.324,1504645655.33
1504645655.334,1504645655.34
1504645655.344,1504645655.35
1504645655.354,1504645655.36
1504645655.364,1504645655.37
1504645655.374,1504645655.38
1504645655.384,1504645655.39
1504645655.394,1504645655.4
1504645655.404,1504645655.41
1504645655.414,1504645655.42
1504645655.424,1504645655.43
1504645655.434,1504645655.44
1504645655.444,1504645655.45
1504645655.454,1504645655.46
1504645655.464,1504645655.47
1504645655.474,1504645655.48
1504645655.484,1504645655.49
1504645655.494,1504645655.5
1504645655.504,1504645655.51
1504645655.514,1504645655.52
1504645655.524,1504645655.53
1504645655.534,1504645655.54
1504645655.544,1504645655.55
1504645655.554,1504645655.56
1504645655.564,1504645655.57
1504645655.574,1504645655.58
1504645655.584,1504645655.59
1504645655.594,1504645655.6
1504645655.604,1504645655.61
1504645655.614,1504645655.62
1504645655.624,1504645655.63
1504645655.634,1504645655.64
1504645655.644,1504645655.65
1504645655.654,1504645655.66
1504645655.664,1504645655.67
1504645655.674,1504645655.68
1504645655.684,1504645655.69
1504645655.694,1504645655.7
1504645655.704,1504645655.71
1504645655.714,1504645655.72
1504645655.724,1504645655.73
1504645655.734,1504645655.74
1504645655.744,1504645655.75
1504645655.754,1504645655.76
1504645655.764,1504645655.77
1504645655.774,1504645655.78
1504645655.784,1504645655.79
1504645655.794,1504645655.8
1504645655.804,1504645655.81
1504645655.814,1504645655.82
1504645655.824,1504645655.83
1504645655.834,1504645655.84
1504645655.844,1504645655.85
1504645655.854,1504645655.86
1504645655.864,1504645655.87
1504645655.874,1504645655.88
1504645655.884,1504645655.89
1504645655.894,1504645655.9
1504645655.904,1504645655.91
1504645655.914,1504645655.92
1504645655.924,1504645655.93
1504645655.934,1504645655.94
1504645655.944,1504645655.95
1504645655.954,1504645655.96
1504645655.964,1504645655.97
1504645655.974,1504645655.98
1504645655.984,1504645655.99
1504645655.994,1504645656.0
1504645656.004,1504645656.01
1504645656.014,1504645656.02
1504645656.024,1504645656.03
1504645656.034,1504645656.04
1504645656.044,1504645656.05
1504645656.054,1504645656.06
1504645656.064,1504645656.07
1504645656.074,1504645656.08
1504645656.084,1504645656.09
1504645656.094,1504645656.1
1504645656.104,1504645656.11
1504645656.114,1504645656.12
1504645656.124,1504645656.13
1504645656.134,1504645656.14
1504645656.144,1504645656.15
1504645656.154,1504645656.16
1504645656.164,1504645656.17
1504645656.174,1504645656.18
1504645656.174,1504645656.19
1504645656.174,1504645656.2
1504645656.175,1504645656.21
1504645656.175,1504645656.22
1504645656.175,1504645656.23
1504645656.176,1504645656.24
1504645656.176,1504645656.25
1504645656.176,1504645656.26
1504645656.177,1504645656.27
1504645656.177,1504645656.28
1504645656.177,1504645656.29
1504645656.178,1504645656.3
1504645656.178,1504645656.31
1504645656.178,1504645656.32
1504645656.179,1504645656.33
1504645656.179,1504645656.34
1504645656.179,1504645656.35
1504645656.18,1504645656.36
1504645656.18,1504645656.37
1504645656.18,1504645656.38
1504645656.181,1504645656.39
1504645656.181,1504645656.4
1504645656.181,1504645656.41
1504645656.182,1504645656.42
1504645656.182,1504645656.43
1504645656.182,1504645656.44
1504645656.183,1504645656.45
1504645656.183,1504645656.46
1504645656.183,1504645656.47
1504645656.184,1504645656.48
1504645656.184,1504645656.49
1504645656.184,1504645656.5
1504645656.185,1504645656.51
1504645656.185,1504645656.52
1504645656.185,1504645656.53
1504645656.186,1504645656.54
1504645656.186,1504645656.55
1504645656.186,1504645656.56
1504645656.187,1504645656.57
1504645656.187,1504645656.58
1504645656.187,1504645656.59
1504645656.188,1504645656.6
1504645656.188,1504645656.61
1504645656.188,1504645656.62
1504645656.189,1504645656.63
1504645656.189,1504645656.64
1504645656.189,1504645656.65
1504645656.19,1504645656.66
1504645656.19,1504645656.67
1504645656.19,1504645656.68
1504645656.191,1504645656.69
1504645656.191,1504645656.7
1504645656.191,1504645656.71
1504645656.192,1504645656.72
1504645656.192,1504645656.73
1504645656.192,1504645656.74
1504645656.193,1504645656.75
1504645656.193,1504645656.76
1504645656.193,1504645656.77
1504645656.194,1504645656.78
1504645656.194,1504645656.79
1504645656.194,1504645656.8
1504645656.195,1504645656.81
1504645656.195,1504645656.82
1504645656.195,1504645656.83
1504645656.196,1504645656.84
1504645656.196,1504645656.85
1504645656.196,1504645656.86
1504645656.197,1504645656.87
1504645656.205,1504645656.88
1504645656.22,1504645656.89
1504645656.235,1504645656.9
1504645656.25,1504645656.91
1504645656.265,1504645656.92
1504645656.28,1504645656.93
1504645656.295,1504645656.94
1504645656.31,1504645656.95
1504645656.325,1504645656.96
1504645656.34,1504645656.97
1504645656.355,1504645656.98
1504645656.37,1504645656.99
1504645656.385,1504645657.0
1504645656.4,1504645657.01
1504645656.415,1504645657.02
1504645656.43,1504645657.03
1504645656.445,1504645657.04
1504645656.46,1504645657.05
1504645656.475,1504645657.06
1504645656.49,1504645657.07
1504645656.505,1504645657.08
1504645656.52,1504645657.09
1504645656.535,1504645657.1
1504645656.55,1504645657.11
1504645656.565,1504645657.12
1504645656.58,1504645657.13
1504645656.595,1504645657.14
1504645656.61,1504645657.15
1504645656.625,1504645657.16
1504645656.64,1504645657.17
1504645656.655,1504645657.18
1504645656.67,1504645657.19
1504645656.685,1504645657.2
1504645656.7,1504645657.21
1504645656.715,1504645657.22
1504645656.73,1504645657.23
1504645656.745,1504645657.24
1504645656.76,1504645657.25
1504645656.775,1504645657.26
1504645656.79,1504645657.27
1504645656.805,1504645657.28
1504645656.82,1504645657.29
1504645656.835,1504645657.3
1504645656.85,1504645657.31
1504645656.865,1504645657.32
1504645656.88,1504645657.33
1504645656.895,1504645657.34
1504645656.91,1504645657.35
1504645656.925,1504645657.36
1504645656.94,1504645657.37
1504645656.955,1504645657.38
1504645656.97,1504645657.39
1504645656.985,1504645657.4
1504645657.0,1504645657.41
1504645657.015,1504645657.42
1504645657.03,1504645657.43
1504645657.045,1504645657.44
1504645657.06,1504645657.45
1504645657.075,1504645657.46
1504645657.09,1504645657.47
1504645657.105,1504645657.48
1504645657.12,1504645657.49
1504645657.135,1504645657.5
1504645657.15,1504645657.51
1504645657.165,1504645657.52
1504645657.18,1504645657.53
1504645657.195,1504645657.54
1504645657.21,1504645657.55
1504645657.225,1504645657.56
1504645657.24,1504645657.57
1504645657.255,1504645657.58
1504645657.26,1504645657.59
1504645657.27,1504645657.6
1504645657.28,1504645657.61
1504645657.29,1504645657.62
1504645657.3,1504645657.63
1504645657.31,1504645657.64
1504645657.32,1504645657.65
1504645657.33,1504645657.66
1504645657.34,1504645657.67
1504645657.35,1504645657.68
1504645657.36,1504645657.69
1504645657.37,1504645657.7
1504645657.38,1504645657.71
1504645657.39,1504645657.72
1504645657.4,1504645657.73
1504645657.41,1504645657.74
1504645657.42,1504645657.75
1504645657.43,1504645657.76
1504645657.445,1504645657.77
1504645657.447,1504645657.78
1504645657.447,1504645657.79
1504645657.449,1504645657.8
1504645657.45,1504645657.81
1504645657.46,1504645657.82
1504645657.47,1504645657.83
1504645657.48,1504645657.84
1504645657.49,1504645657.85
1504645657.5,1504645657.86
1504645657.51,1504645657.87
1504645657.52,1504645657.88
1504645657.53,1504645657.89
1504645657.54,1504645657.9
1504645657.55,1504645657.91
1504645657.56,1504645657.92
1504645657.57,1504645657.93
1504645657.58,1504645657.94
1504645657.59,1504645657.95
1504645657.6,1504645657.96
1504645657.61,1504645657.97
1504645657.627,1504645657.98
1504645657.628,1504645657.99
1504645657.628,1504645658.0
1504645657.629,1504645658.01
1504645657.629,1504645658.02
1504645657.63,1504645658.03
1504645657.64,1504645658.04
1504645657.65,1504645658.05
1504645657.66,1504645658.06
1504645657.67,1504645658.07
1504645657.68,1504645658.08
1504645657.69,1504645658.09
1504645657.7,1504645658.1
1504645657.71,1504645658.11
1504645657.72,1504645658.12
1504645657.73,1504645658.13
1504645657.74,1504645658.14
1504645657.75,1504645658.15
1504645657.76,1504645658.16
1504645657.77,1504645658.17
1504645657.78,1504645658.18
1504645657.79,1504645658.19
1504645657.8,1504645658.2
1504645657.81,1504645658.21
1504645657.82,1504645658.22
1504645657.83,1504645658.23
1504645657.84,1504645658.24
1504645657.85,1504645658.25
1504645657.86,1504645658.26
1504645657.87,1504645658.27
1504645657.88,1504645658.28
1504645657.89,1504645658.29
1504645657.9,1504645658.3
1504645657.91,1504645658.31
1504645657.92,1504645658.32
1504645657.93,1504645658.33
1504645657.94,1504645658.34
1504645657.95,1504645658.35
1504645657.96,1504645658.36
1504645657.97,1504645658.37
1504645657.98,1504645658.38
1504645657.99,1504645658.39
1504645658.0,1504645658.4
1504645658.01,1504645658.41
1504645658.02,1504645658.42
1504645658.03,1504645658.43
1504645658.04,1504645658.44
1504645658.05,1504645658.45
1504645658.06,1504645658.46
1504645658.07,1504645658.47
1504645658.08,1504645658.48
1504645658.09,1504645658.49
1504645658.1,1504645658.5
1504645658.11,1504645658.51
1504645658.12,1504645658.52
1504645658.13,1504645658.53
1504645658.14,1504645658.54
1504645658.15,1504645658.55
1504645658.16,1504645658.56
1504645658.17,1504645658.57
1504645658.18,1504645658.58
1504645658.19,1504645658.59
1504645658.2,1504645658.6
1504645658.21,1504645658.61
1504645658.22,1504645658.62
1504645658.23,1504645658.63
1504645658.24,1504645658.64
1504645658.25,1504645658.65
1504645658.26,1504645658.66
1504645658.27,1504645658.67
1504645658.28,1504645658.68
1504645658.29,1504645658.69
1504645658.3,1504645658.7
1504645658.31,1504645658.71
1504645658.32,1504645658.72
1504645658.33,1504645658.73
1504645658.34,1504645658.74
1504645658.35,1504645658.75
1504645658.36,1504645658.76
1504645658.375,1504645658.77
1504645658.39,1504645658.78
1504645658.405,1504645658.79
1504645658.42,1504645658.8
1504645658.435,1504645658.81
1504645658.45,1504645658.82
1504645658.465,1504645658.83
1504645658.48,1504645658.84
1504645658.495,1504645658.85
1504645658.51,1504645658.86
1504645658.525,1504645658.87
1504645658.54,1504645658.88
1504645658.555,1504645658.89
1504645658.57,1504645658.9
1504645658.585,1504645658.91
1504645658.6,1504645658.92
1504645658.615,1504645658.93
1504645658.63,1504645658.94
1504645658.645,1504645658.95
1504645658.66,1504645658.96
1504645658.675,1504645658.97
1504645658.69,1504645658.98
1504645658.705,1504645658.99
1504645658.72,1504645659.0
1504645658.735,1504645659.01
1504645658.75,1504645659.02
1504645658.765,1504645659.03
1504645658.78,1504645659.04
1504645658.795,1504645659.05
1504645658.81,1504645659.06
1504645658.825,1504645659.07
1504645658.84,1504645659.08
1504645658.855,1504645659.09
1504645658.87,1504645659.1
1504645658.885,1504645659.11
1504645658.9,1504645659.12
1504645658.915,1504645659.13
1504645658.93,1504645659.14
1504645658.945,1504645659.15
1504645658.96,1504645659.16
1504645658.975,1504645659.17
1504645658.99,1504645659.18
1504645659.005,1504645659.19
1504645659.02,1504645659.2
1504645659.035,1504645659.21
1504645659.05,1504645659.22
1504645659.065,1504645659.23
1504645659.08,1504645659.24
1504645659.095,1504645659.25
1504645659.11,1504645659.26
1504645659.125,1504645659.27
1504645659.14,1504645659.28
1504645659.155,1504645659.29
1504645659.17,1504645659.3
1504645659.185,1504645659.31
1504645659.2,1504645659.32
1504645659.215,1504645659.33
1504645659.23,1504645659.34
1504645659.245,1504645659.35
1504645659.26,1504645659.36
1504645659.275,1504645659.37
1504645659.29,1504645659.38
1504645659.305,1504645659.39
1504645659.31,1504645659.4
1504645659.32,1504645659.41
1504645659.33,1504645659.42
1504645659.34,1504645659.43
1504645659.354,1504645659.44
1504645659.354,1504645659.45
1504645659.355,1504645659.46
1504645659.36,1504645659.47
1504645659.36,1504645659.48
1504645659.38,1504645659.49
1504645659.4,1504645659.5
1504645659.41,1504645659.51
1504645659.42,1504645659.52
1504645659.43,1504645659.53
1504645659.44,1504645659.54
1504645659.45,1504645659.55
1504645659.46,1504645659.56
1504645659.47,1504645659.57
1504645659.48,1504645659.58
1504645659.49,1504645660.35
1504645659.5,1504645660.36
1504645659.51,1504645660.37
1504645659.52,1504645660.38
1504645659.53,1504645660.39
1504645659.54,1504645662.83
1504645659.55,1504645662.84
1504645659.56,1504645662.85
1504645659.57,1504645662.86
1504645659.58,1504645662.87
1504645660.35,1504645662.88
1504645660.36,1504645662.89
1504645660.37,1504645662.9
1504645660.38,1504645662.91
1504645660.39,1504645662.92
1504645662.823,1504645662.93
1504645662.833,1504645662.94
1504645662.843,1504645662.95
1504645662.853,1504645662.96
1504645662.863,1504645662.97
1504645662.873,1504645662.98
1504645662.883,1504645662.99
1504645662.893,1504645663.0
1504645662.903,1504645663.01
1504645662.913,1504645663.02
1504645662.923,1504645663.03
1504645662.933,1504645663.04
1504645662.943,1504645663.05
1504645662.953,1504645663.06
1504645662.963,1504645663.07
1504645662.973,1504645663.08
1504645662.983,1504645663.09
1504645662.993,1504645663.1
1504645663.003,1504645663.11
1504645663.013,1504645663.12
1504645663.023,1504645663.13
1504645663.033,1504645663.14
1504645663.043,1504645663.15
1504645663.053,1504645663.16
1504645663.063,1504645663.17
1504645663.073,1504645663.18
1504645663.083,1504645663.19
1504645663.093,1504645663.2
1504645663.103,1504645663.21
1504645663.113,1504645663.22
1504645663.123,1504645663.23
1504645663.133,1504645663.24
1504645663.143,1504645663.25
1504645663.153,1504645663.26
1504645663.163,1504645663.27
1504645663.173,1504645663.28
1504645663.183,1504645663.29
1504645663.193,1504645663.3
1504645663.203,1504645663.31
1504645663.213,1504645663.32
1504645663.223,1504645663.33
1504645663.233,1504645663.34
1504645663.243,1504645663.35
1504645663.253,1504645663.36
1504645663.263,1504645663.37
1504645663.273,1504645663.38
1504645663.283,1504645663.39
1504645663.293,1504645663.4
1504645663.303,1504645663.41
1504645663.313,1504645663.42
1504645663.323,1504645663.43
1504645663.333,1504645663.44
1504645663.343,1504645663.45
1504645663.353,1504645663.46
1504645663.363,1504645663.47
1504645663.373,1504645663.48
1504645663.383,1504645663.49
1504645663.393,1504645663.5
1504645663.403,1504645663.51
1504645663.413,1504645663.52
1504645663.423,1504645663.53
1504645663.433,1504645663.54
1504645663.443,1504645663.55
1504645663.453,1504645663.56
1504645663.463,1504645663.57
1504645663.473,1504645663.58
1504645663.483,1504645663.59
1504645663.493,1504645663.6
1504645663.503,1504645663.61
1504645663.513,1504645663.62
1504645663.523,1504645663.63
1504645663.533,1504645663.64
1504645663.543,1504645663.65
1504645663.553,1504645663.66
1504645663.563,1504645663.67
1504645663.573,1504645663.68
1504645663.583,1504645663.69
1504645663.593,1504645663.7
1504645663.603,1504645663.71
1504645663.613,1504645663.72
1504645663.623,1504645663.73
1504645663.633,1504645663.74
1504645663.643,1504645663.75
1504645663.653,1504645663.76
1504645663.663,1504645663.77
1504645663.673,1504645663.78
1504645663.683,1504645663.79
1504645663.693,1504645663.8
1504645663.703,1504645663.81
1504645663.713,1504645663.82
1504645663.723,1504645670.81
1504645663.733,1504645670.82
1504645663.743,1504645670.83
1504645663.753,1504645670.84
1504645663.763,1504645670.85
1504645663.773,1504645670.86
1504645663.783,1504645670.87
1504645663.793,1504645670.88
1504645663.803,1504645670.89
1504645663.813,1504645670.9
1504645670.804,1504645670.91
1504645670.814,1504645670.92
1504645670.824,1504645670.93
1504645670.834,1504645670.94
1504645670.844,1504645670.95
1504645670.854,1504645670.96
1504645670.864,1504645670.97
1504645670.874,1504645670.98
1504645670.884,1504645670.99
1504645670.894,1504645671.0
1504645670.904,1504645671.01
1504645670.914,1504645671.02
1504645670.924,1504645671.03
1504645670.934,1504645671.04
1504645670.944,1504645671.05
1504645670.954,1504645671.06
1504645670.964,1504645671.07
1504645670.974,1504645671.08
1504645670.984,1504645671.09
1504645670.994,1504645671.1
1504645671.004,1504645671.11
1504645671.014,1504645671.12
1504645671.024,1504645671.13
1504645671.034,1504645671.14
1504645671.044,1504645671.15
1504645671.054,1504645671.16
1504645671.064,1504645671.17
1504645671.074,1504645671.18
1504645671.084,1504645671.19
1504645671.094,1504645671.2
1504645671.104,1504645671.21
1504645671.114,1504645671.22
1504645671.124,1504645671.23
1504645671.134,1504645671.24
1504645671.144,1504645671.25
1504645671.154,1504645671.26
1504645671.164,1504645671.27
1504645671.174,1504645671.28
1504645671.184,1504645671.29
1504645671.194,1504645671.3
1504645671.204,1504645671.31
1504645671.214,1504645671.32
1504645671.224,1504645671.33
1504645671.234,1504645671.34
1504645671.244,1504645671.35
1504645671.254,1504645671.36
1504645671.264,1504645671.37
1504645671.274,1504645671.38
1504645671.284,1504645671.39
1504645671.294,1504645671.4
1504645671.304,1504645671.41
1504645671.314,1504645671.42
1504645671.324,1504645671.43
1504645671.334,1504645671.44
1504645671.344,1504645671.45
1504645671.354,1504645671.46
1504645671.364,1504645671.47
1504645671.374,1504645671.48
1504645671.384,1504645671.49
1504645671.394,1504645671.5
1504645671.404,1504645671.51
1504645671.414,1504645671.52
1504645671.424,1504645671.53
1504645671.434,1504645671.54
1504645671.444,1504645671.55
1504645671.454,1504645671.56
1504645671.464,1504645671.57
1504645671.474,1504645671.58
1504645671.484,1504645671.59
1504645671.494,1504645671.6
1504645671.504,1504645671.61
1504645671.514,1504645671.62
1504645671.524,1504645671.63
1504645671.534,1504645671.64
1504645671.544,1504645671.65
1504645671.554,1504645671.66
1504645671.564,1504645671.67
1504645671.574,1504645671.68
1504645671.584,1504645671.69
1504645671.594,1504645671.7
1504645671.604,1504645671.71
1504645671.614,1504645671.72
1504645671.624,1504645671.73
1504645671.634,1504645671.74
1504645671.644,1504645672.4
1504645671.654,1504645672.41
1504645671.664,1504645672.42
1504645671.674,1504645672.43
1504645671.684,1504645672.44
1504645671.694,1504645672.45
1504645671.704,1504645672.46
1504645671.714,1504645672.47
1504645671.724,1504645672.48
1504645671.734,1504645672.49
1504645671.744,1504645672.5
1504645672.394,1504645672.51
1504645672.404,1504645672.52
1504645672.414,1504645672.53
1504645672.424,1504645672.54
1504645672.434,1504645672.55
1504645672.444,1504645672.56
1504645672.454,1504645672.57
1504645672.464,1504645672.58
1504645672.474,1504645672.59
1504645672.484,1504645672.6
1504645672.494,1504645672.61
1504645672.504,1504645672.62
1504645672.514,1504645672.63
1504645672.524,1504645672.64
1504645672.534,1504645672.65
1504645672.544,1504645672.66
1504645672.554,1504645672.67
1504645672.564,1504645672.68
1504645672.574,1504645672.69
1504645672.584,1504645672.7
1504645672.594,1504645672.71
1504645672.604,1504645672.72
1504645672.614,1504645672.73
1504645672.624,1504645672.74
1504645672.634,1504645672.75
1504645672.644,1504645672.76
1504645672.654,1504645672.77
1504645672.664,1504645672.78
1504645672.674,1504645672.79
1504645672.684,1504645672.8
1504645672.694,1504645672.81
1504645672.704,1504645672.82
1504645672.714,1504645672.83
1504645672.724,1504645672.84
1504645672.734,1504645672.85
1504645672.744,1504645672.86
1504645672.754,1504645672.87
1504645672.764,1504645672.88
1504645672.774,1504645672.89
1504645672.784,1504645672.9
1504645672.794,1504645672.91
1504645672.804,1504645672.92
1504645672.814,1504645672.93
1504645672.824,1504645672.94
1504645672.834,1504645672.95
1504645672.844,1504645672.96
1504645672.854,1504645672.97
1504645672.864,1504645672.98
1504645672.874,1504645672.99
1504645672.884,1504645673.0
1504645672.894,1504645673.01
1504645672.904,1504645673.02
1504645672.914,1504645673.03
1504645672.924,1504645673.04
1504645672.934,1504645673.05
1504645672.944,1504645673.06
1504645672.954,1504645673.07
1504645672.964,1504645673.08
1504645672.974,1504645673.09
1504645672.984,1504645673.1
1504645672.994,1504645673.11
1504645673.004,1504645673.12
1504645673.014,1504645673.13
1504645673.024,1504645673.14
1504645673.034,1504645673.15
1504645673.044,1504645673.16
1504645673.054,1504645673.17
1504645673.064,1504645673.18
1504645673.074,1504645673.19
1504645673.074,1504645673.2
1504645673.074,1504645673.21
1504645673.075,1504645673.22
1504645673.075,1504645673.23
1504645673.075,1504645673.24
1504645673.076,1504645673.25
1504645673.076,1504645673.26
1504645673.076,1504645673.27
1504645673.077,1504645673.28
1504645673.077,1504645673.29
1504645673.077,1504645673.3
1504645673.078,1504645673.31
1504645673.078,1504645673.32
1504645673.078,1504645673.33
1504645673.079,1504645673.34
1504645673.079,1504645673.35
1504645673.079,1504645673.36
1504645673.08,1504645673.37
1504645673.08,1504645673.38
1504645673.08,1504645673.39
1504645673.081,1504645673.4
1504645673.081,1504645673.41
1504645673.081,1504645673.42
1504645673.082,1504645673.43
1504645673.082,1504645673.44
1504645673.082,1504645673.45
1504645673.083,1504645673.46
1504645673.083,1504645673.47
1504645673.083,1504645673.48
1504645673.084,1504645673.49
1504645673.084,1504645673.5
1504645673.084,1504645673.51
1504645673.085,1504645673.52
1504645673.085,1504645673.53
1504645673.085,1504645673.54
1504645673.086,1504645673.55
1504645673.086,1504645673.56
1504645673.086,1504645673.57
1504645673.087,1504645673.58
1504645673.087,1504645673.59
1504645673.087,1504645673.6
1504645673.088,1504645673.61
1504645673.088,1504645673.62
1504645673.088,1504645673.63
1504645673.089,1504645673.64
1504645673.089,1504645673.65
1504645673.089,1504645673.66
1504645673.09,1504645673.67
1504645673.09,1504645673.68
1504645673.1,1504645673.69
1504645673.11,1504645673.7
1504645673.12,1504645673.71
1504645673.13,1504645673.72
1504645673.14,1504645673.73
1504645673.15,1504645673.74
1504645673.162,1504645673.75
1504645673.164,1504645673.76
1504645673.169,1504645673.77
1504645673.17,1504645673.78
1504645673.17,1504645673.79
1504645673.185,1504645673.8
1504645673.2,1504645673.81
1504645673.215,1504645673.82
1504645673.23,1504645673.83
1504645673.245,1504645673.84
1504645673.26,1504645673.85
1504645673.275,1504645673.86
1504645673.29,1504645673.87
1504645673.305,1504645673.88
1504645673.32,1504645673.89
1504645673.335,1504645673.9
1504645673.35,1504645673.91
1504645673.365,1504645673.92
1504645673.38,1504645673.93
1504645673.395,1504645673.94
1504645673.41,1504645673.95
1504645673.425,1504645673.96
1504645673.44,1504645673.97
1504645673.455,1504645673.98
1504645673.47,1504645673.99
1504645673.485,1504645674.0
1504645673.5,1504645674.01
1504645673.515,1504645674.02
1504645673.53,1504645674.03
1504645673.545,1504645674.04
1504645673.56,1504645674.05
1504645673.575,1504645674.06
1504645673.59,1504645674.07
1504645673.605,1504645674.08
1504645673.62,1504645674.09
1504645673.635,1504645674.1
1504645673.65,1504645674.11
1504645673.665,1504645674.12
1504645673.68,1504645674.13
1504645673.695,1504645674.14
1504645673.71,1504645674.15
1504645673.725,1504645674.16
1504645673.74,1504645674.17
1504645673.755,1504645674.18
1504645673.77,1504645674.19
1504645673.785,1504645674.2
1504645673.8,1504645674.21
1504645673.815,1504645674.22
1504645673.83,1504645674.23
1504645673.845,1504645674.24
1504645673.86,1504645674.25
1504645673.875,1504645674.26
1504645673.89,1504645674.27
1504645673.905,1504645674.28
1504645673.92,1504645674.29
1504645673.935,1504645674.3
1504645673.95,1504645674.31
1504645673.965,1504645674.32
1504645673.98,1504645674.33
1504645673.995,1504645674.34
1504645674.01,1504645674.35
1504645674.025,1504645674.36
1504645674.04,1504645674.37
1504645674.055,1504645674.38
1504645674.07,1504645674.39
1504645674.085,1504645674.4
1504645674.1,1504645674.41
1504645674.115,1504645674.42
1504645674.13,1504645674.43
1504645674.145,1504645674.44
1504645674.16,1504645674.45
1504645674.175,1504645674.46
1504645674.19,1504645674.47
1504645674.205,1504645676.34
1504645674.22,1504645676.35
1504645674.235,1504645676.36
1504645674.25,1504645676.37
1504645674.265,1504645676.38
1504645674.28,1504645676.39
1504645674.295,1504645676.4
1504645674.31,1504645676.41
1504645674.325,1504645676.42
1504645674.34,1504645676.43
1504645674.355,1504645676.44
1504645674.37,1504645676.45
1504645674.385,1504645676.46
1504645674.4,1504645676.47
1504645674.415,1504645676.48
1504645674.42,1504645676.49
1504645674.43,1504645676.5
1504645674.44,1504645676.51
1504645674.45,1504645676.52
1504645674.46,1504645676.53
1504645674.47,1504645676.54
1504645676.333,1504645676.55
1504645676.343,1504645676.56
1504645676.353,1504645676.57
1504645676.363,1504645676.58
1504645676.373,1504645676.59
1504645676.383,1504645676.6
1504645676.393,1504645676.61
1504645676.403,1504645676.62
1504645676.413,1504645676.63
1504645676.423,1504645676.64
1504645676.433,1504645676.65
1504645676.443,1504645676.66
1504645676.453,1504645676.67
1504645676.463,1504645676.68
1504645676.473,1504645676.69
1504645676.483,1504645676.7
1504645676.493,1504645676.71
1504645676.503,1504645676.72
1504645676.513,1504645676.73
1504645676.523,1504645676.74
1504645676.533,1504645676.75
1504645676.543,1504645676.76
1504645676.553,1504645676.77
1504645676.563,1504645676.78
1504645676.573,1504645676.79
1504645676.583,1504645676.8
1504645676.593,1504645676.81
1504645676.603,1504645676.82
1504645676.613,1504645676.83
1504645676.623,1504645676.84
1504645676.633,1504645676.85
1504645676.643,1504645676.86
1504645676.653,1504645676.87
1504645676.663,1504645676.88
1504645676.673,1504645676.89
1504645676.683,1504645676.9
1504645676.693,1504645676.91
1504645676.703,1504645676.92
1504645676.713,1504645676.93
1504645676.723,1504645676.94
1504645676.733,1504645676.95
1504645676.743,1504645676.96
1504645676.753,1504645679.4
1504645676.763,1504645679.41
1504645676.773,1504645679.42
1504645676.783,1504645679.43
1504645676.793,1504645679.44
1504645676.803,1504645679.45
1504645676.813,1504645679.46
1504645676.823,1504645679.47
1504645676.833,1504645679.48
1504645676.843,1504645679.49
1504645676.853,1504645679.5
1504645676.863,1504645679.51
1504645676.873,1504645679.52
1504645676.883,1504645679.53
1504645676.893,1504645679.54
1504645676.903,1504645679.55
1504645676.913,1504645679.56
1504645676.923,1504645679.57
1504645676.933,1504645679.58
1504645676.943,1504645679.59
1504645676.953,1504645679.6
1504645676.963,1504645679.61
1504645679.398,1504645679.62
1504645679.408,1504645679.63
1504645679.418,1504645679.64
1504645679.428,1504645679.65
1504645679.438,1504645679.66
1504645679.448,1504645679.67
1504645679.458,1504645679.68
1504645679.468,1504645679.69
1504645679.478,1504645679.7
1504645679.488,1504645679.71
1504645679.498,1504645679.72
1504645679.508,1504645679.73
1504645679.518,1504645679.74
1504645679.528,1504645679.75
1504645679.538,1504645679.76
1504645679.548,1504645679.77
1504645679.558,1504645679.78
1504645679.568,1504645679.79
1504645679.578,1504645679.8
1504645679.588,1504645679.81
1504645679.598,1504645679.82
1504645679.608,1504645679.83
1504645679.618,1504645679.84
1504645679.628,1504645679.85
1504645679.638,1504645679.86
1504645679.648,1504645679.87
1504645679.658,1504645679.88
1504645679.668,1504645679.89
1504645679.678,1504645679.9
1504645679.688,1504645679.91
1504645679.698,1504645679.92
1504645679.708,1504645679.93
1504645679.718,1504645679.94
1504645679.728,1504645679.95
1504645679.738,1504645679.96
1504645679.748,1504645679.97
1504645679.758,1504645679.98
1504645679.768,1504645679.99
1504645679.778,1504645680.0
1504645679.788,1504645680.01
1504645679.798,1504645680.02
1504645679.808,1504645680.03
1504645679.818,1504645680.04
1504645679.828,1504645680.05
1504645679.838,1504645680.06
1504645679.848,1504645680.07
1504645679.858,1504645680.08
1504645679.868,1504645680.09
1504645679.878,1504645680.1
1504645679.888,1504645681.76
1504645679.898,1504645681.77
1504645679.908,1504645681.78
1504645679.918,1504645681.79
1504645679.928,1504645681.8
1504645679.938,1504645681.81
1504645679.948,1504645681.82
1504645679.958,1504645681.83
1504645679.968,1504645681.84
1504645679.978,1504645681.85
1504645679.988,1504645681.86
1504645679.998,1504645681.87
1504645680.008,1504645681.88
1504645680.018,1504645681.89
1504645680.028,1504645681.9
1504645680.038,1504645681.91
1504645680.048,1504645681.92
1504645680.058,1504645681.93
1504645680.068,1504645681.94
1504645680.078,1504645681.95
1504645680.088,1504645681.96
1504645680.098,1504645681.97
1504645681.753,1504645681.98
1504645681.763,1504645681.99
1504645681.773,1504645682.0
1504645681.783,1504645682.01
1504645681.793,1504645682.02
1504645681.803,1504645682.03
1504645681.813,1504645682.04
1504645681.823,1504645682.05
1504645681.833,1504645682.06
1504645681.843,1504645682.07
1504645681.853,1504645682.08
1504645681.863,1504645682.09
1504645681.873,1504645682.1
1504645681.883,1504645682.11
1504645681.893,1504645682.12
1504645681.903,1504645682.13
1504645681.913,1504645682.14
1504645681.923,1504645682.15
1504645681.933,1504645682.16
1504645681.943,1504645682.17
1504645681.953,1504645682.18
1504645681.963,1504645682.19
1504645681.973,1504645682.2
1504645681.983,1504645682.21
1504645681.993,1504645682.22
1504645682.003,1504645682.23
1504645682.013,1504645682.24
1504645682.023,1504645682.25
1504645682.033,1504645682.26
1504645682.043,1504645682.27
1504645682.053,1504645682.28
1504645682.063,1504645682.29
1504645682.073,1504645682.3
1504645682.083,1504645682.31
1504645682.093,1504645682.32
1504645682.103,1504645682.33
1504645682.113,1504645682.34
1504645682.123,1504645682.35
1504645682.133,1504645682.36
1504645682.143,1504645682.37
1504645682.153,1504645682.38
1504645682.163,1504645682.39
1504645682.173,1504645682.4
1504645682.183,1504645682.41
1504645682.193,1504645682.42
1504645682.203,1504645682.43
1504645682.213,1504645682.44
1504645682.223,1504645682.45
1504645682.233,1504645682.46
1504645682.243,1504645682.47
1504645682.253,1504645682.48
1504645682.263,1504645682.49
1504645682.273,1504645682.5
1504645682.283,1504645682.51
1504645682.293,1504645682.52
1504645682.303,1504645682.53
1504645682.313,1504645682.54
1504645682.323,1504645682.55
1504645682.333,1504645682.56
1504645682.343,1504645682.57
1504645682.353,1504645682.58
1504645682.363,1504645682.59
1504645682.373,1504645684.39
1504645682.383,1504645684.4
1504645682.393,1504645684.41
1504645682.403,1504645684.42
1504645682.413,1504645684.43
1504645682.423,1504645684.44
1504645682.433,1504645684.45
1504645682.443,1504645684.46
1504645682.453,1504645684.47
1504645682.463,1504645684.48
1504645682.473,1504645684.49
1504645682.483,1504645684.5
1504645682.493,1504645684.51
1504645682.503,1504645684.52
1504645682.513,1504645684.53
1504645682.523,1504645684.54
1504645682.533,1504645684.55
1504645682.543,1504645684.56
1504645682.553,1504645684.57
1504645682.563,1504645684.58
1504645682.573,1504645684.59
1504645682.583,1504645684.6
1504645684.39,1504645684.61
1504645684.4,1504645684.62
1504645684.41,1504645684.63
1504645684.42,1504645684.64
1504645684.43,1504645684.65
1504645684.44,1504645684.66
1504645684.45,1504645684.67
1504645684.46,1504645684.68
1504645684.47,1504645684.69
1504645684.48,1504645684.7
1504645684.49,1504645684.71
1504645684.5,1504645684.72
1504645684.51,1504645684.73
1504645684.52,1504645684.74
1504645684.53,1504645684.75
1504645684.54,1504645684.76
1504645684.55,1504645684.77
1504645684.56,1504645684.78
1504645684.57,1504645684.79
1504645684.58,1504645684.8
1504645684.59,1504645684.81
1504645684.6,1504645684.82
1504645684.61,1504645684.83
1504645684.62,1504645684.84
1504645684.635,1504645684.85
1504645684.65,1504645684.86
1504645684.665,1504645684.87
1504645684.68,1504645684.88
1504645684.695,1504645684.89
1504645684.71,1504645684.9
1504645684.725,1504645684.91
1504645684.74,1504645684.92
1504645684.755,1504645684.93
1504645684.77,1504645684.94
1504645684.785,1504645684.95
1504645684.8,1504645684.96
1504645684.815,1504645684.97
1504645684.83,1504645684.98
1504645684.845,1504645684.99
1504645684.86,1504645685.0
1504645684.875,1504645685.01
1504645684.89,1504645685.02
1504645684.905,1504645685.03
1504645684.92,1504645685.04
1504645684.935,1504645685.05
1504645684.95,1504645685.06
1504645684.965,1504645685.07
1504645684.98,1504645685.08
1504645684.995,1504645685.09
1504645685.01,1504645685.1
1504645685.025,1504645685.11
1504645685.04,1504645685.12
1504645685.055,1504645685.13
1504645685.07,1504645685.14
1504645685.085,1504645685.15
1504645685.1,1504645685.16
1504645685.115,1504645685.17
1504645685.13,1504645685.18
1504645685.145,1504645685.19
1504645685.16,1504645685.2
1504645685.175,1504645685.21
1504645685.19,1504645685.22
1504645685.205,1504645685.23
1504645685.22,1504645685.24
1504645685.235,1504645685.25
1504645685.25,1504645685.26
1504645685.265,1504645685.27
1504645685.28,1504645685.28
1504645685.295,1504645685.29
1504645685.31,1504645685.3
1504645685.325,1504645685.31
1504645685.34,1504645685.32
1504645685.355,1504645685.33
1504645685.37,1504645685.34
1504645685.385,1504645685.35
1504645685.4,1504645685.36
1504645685.415,1504645685.37
1504645685.43,1504645685.38
1504645685.445,1504645685.39
1504645685.46,1504645685.4
1504645685.475,1504645685.41
1504645685.49,1504645685.42
1504645685.505,1504645685.43
1504645685.52,1504645685.44
1504645685.535,1504645685.45
1504645685.55,1504645685.46
1504645685.565,1504645685.47
1504645685.58,1504645685.48
1504645685.595,1504645685.49
1504645685.6,1504645685.5
1504645685.61,1504645685.51
1504645685.62,1504645685.52
1504645685.63,1504645685.53
1504645685.64,1504645685.54
1504645685.65,1504645685.55
1504645685.66,1504645685.56
1504645685.67,1504645685.57
1504645685.68,1504645685.58
1504645685.69,1504645685.59
1504645685.7,1504645685.6
1504645685.71,1504645685.61
1504645685.72,1504645685.62
1504645685.73,1504645685.63
1504645685.74,1504645685.64
1504645685.75,1504645685.65
1504645685.76,1504645685.66
1504645685.77,1504645685.67
1504645685.78,1504645685.68
1504645685.79,1504645685.69
1504645685.8,1504645685.7
1504645685.81,1504645685.71
1504645685.82,1504645685.72
1504645685.83,1504645685.73
1504645685.84,1504645685.74
1504645685.85,1504645685.75
1504645685.86,1504645685.76
1504645685.87,1504645685.77
1504645685.88,1504645685.78
1504645685.89,1504645685.79
1504645685.9,1504645685.8
1504645685.91,1504645685.81
1504645685.92,1504645685.82
1504645685.93,1504645685.83
1504645685.94,1504645685.84
1504645685.95,1504645685.85
1504645685.96,1504645685.86
1504645685.97,1504645685.87
1504645685.98,1504645685.88
1504645685.99,1504645685.89
1504645686.0,1504645685.9
1504645686.01,1504645685.91
1504645686.02,1504645685.92
1504645686.03,1504645685.93
1504645686.04,1504645685.94
1504645686.05,1504645685.95
1504645686.06,1504645685.96
1504645686.07,1504645685.97
1504645686.08,1504645685.98
1504645686.09,1504645685.99
1504645686.1,1504645686.0
1504645686.11,1504645686.01
1504645686.12,1504645686.02
1504645686.135,1504645686.03
1504645686.15,1504645686.04
1504645686.165,1504645686.05
1504645686.18,1504645686.06
1504645686.195,1504645686.07
1504645686.21,1504645686.08
1504645686.225,1504645686.09
1504645686.24,1504645686.1
1504645686.255,1504645686.11
1504645686.27,1504645686.12
1504645686.285,1504645686.13
1504645686.3,1504645686.14
1504645686.315,1504645686.15
1504645686.33,1504645686.16
1504645686.345,1504645686.17
1504645686.36,1504645686.18
1504645686.375,1504645686.19
1504645686.39,1504645686.2
1504645686.405,1504645686.21
1504645686.42,1504645686.22
1504645686.435,1504645686.23
1504645686.45,1504645686.24
1504645686.465,1504645686.25
1504645686.48,1504645686.26
1504645686.495,1504645686.27
1504645686.51,1504645686.28
1504645686.525,1504645686.29
1504645686.54,1504645686.3
1504645686.555,1504645686.31
1504645686.57,1504645686.32
1504645686.585,1504645686.33
1504645686.6,1504645686.34
1504645686.615,1504645686.35
1504645686.63,1504645686.36
1504645686.645,1504645686.37
1504645686.66,1504645686.38
1504645686.675,1504645686.39
1504645686.69,1504645686.4
1504645686.705,1504645686.41
1504645686.72,1504645686.42
1504645686.735,1504645686.43
1504645686.75,1504645686.44
1504645686.765,1504645686.45
1504645686.78,1504645686.46
1504645686.795,1504645686.47
1504645686.81,1504645686.48
1504645686.825,1504645686.49
1504645686.84,1504645687.88
1504645686.855,1504645687.89
1504645686.87,1504645687.9
1504645686.885,1504645687.91
1504645686.9,1504645687.92
1504645686.915,1504645687.93
1504645686.93,1504645687.94
1504645686.945,1504645687.95
1504645686.96,1504645687.96
1504645686.975,1504645687.97
1504645686.99,1504645687.98
1504645687.005,1504645687.99
1504645687.02,1504645688.0
1504645687.035,1504645688.01
1504645687.05,1504645688.02
1504645687.065,1504645688.03
1504645687.07,1504645688.04
1504645687.08,1504645688.05
1504645687.09,1504645688.06
1504645687.1,1504645688.07
1504645687.11,1504645688.08
1504645687.12,1504645688.09
1504645687.88,1504645688.1
1504645687.89,1504645688.11
1504645687.9,1504645688.12
1504645687.91,1504645688.13
1504645687.92,1504645688.14
1504645687.93,1504645688.15
1504645687.94,1504645688.16
1504645687.95,1504645688.17
1504645687.96,1504645688.18
1504645687.97,1504645688.19
1504645687.98,1504645688.2
1504645687.99,1504645688.21
1504645688.0,1504645688.22
1504645688.01,1504645688.23
1504645688.02,1504645688.24
1504645688.03,1504645688.25
1504645688.04,1504645688.26
1504645688.05,1504645688.27
1504645688.06,1504645688.28
1504645688.07,1504645688.29
1504645688.08,1504645688.3
1504645688.09,1504645688.31
1504645688.1,1504645688.32
1504645688.11,1504645688.33
1504645688.12,1504645688.34
1504645688.13,1504645689.19
1504645688.14,1504645689.2
1504645688.15,1504645689.21
1504645688.16,1504645689.22
1504645688.17,1504645689.23
1504645688.18,1504645689.24
1504645688.19,1504645689.25
1504645688.2,1504645689.26
1504645688.214,1504645689.27
1504645688.215,1504645689.28
1504645688.217,1504645689.29
1504645688.22,1504645689.3
1504645688.23,1504645689.31
1504645688.24,1504645689.32
1504645688.25,1504645689.33
1504645688.26,1504645689.34
1504645688.27,1504645689.35
1504645688.28,1504645689.36
1504645688.3,1504645689.37
1504645688.31,1504645689.38
1504645688.32,1504645689.39
1504645688.33,1504645689.4
1504645688.34,1504645689.41
1504645689.19,1504645689.42
1504645689.2,1504645689.43
1504645689.21,1504645689.44
1504645689.22,1504645689.45
1504645689.23,1504645689.46
1504645689.24,1504645689.47
1504645689.25,1504645689.48
1504645689.26,1504645689.49
1504645689.277,1504645689.5
1504645689.28,1504645689.51
1504645689.29,1504645689.52
1504645689.3,1504645689.53
1504645689.31,1504645689.54
1504645689.32,1504645689.55
1504645689.33,1504645689.56
1504645689.34,1504645689.57
1504645689.35,1504645689.58
1504645689.36,1504645689.59
1504645689.37,1504645689.6
1504645689.38,1504645689.61
1504645689.39,1504645689.62
1504645689.4,1504645689.63
1504645689.41,1504645689.64
1504645689.42,1504645689.65
1504645689.43,1504645689.66
1504645689.44,1504645689.67
1504645689.45,1504645689.68
1504645689.46,1504645689.69
1504645689.47,1504645689.7
1504645689.48,1504645689.71
1504645689.49,1504645689.72
1504645689.5,1504645689.73
1504645689.51,1504645689.74
1504645689.52,1504645689.75
1504645689.53,1504645689.76
1504645689.54,1504645689.77
1504645689.55,1504645689.78
1504645689.56,1504645689.79
1504645689.57,1504645689.8
1504645689.58,1504645689.81
1504645689.59,1504645689.82
1504645689.6,1504645689.83
1504645689.61,1504645689.84
1504645689.62,1504645689.85
1504645689.63,1504645689.86
1504645689.64,1504645689.87
1504645689.65,1504645689.88
1504645689.66,1504645689.89
1504645689.67,1504645689.9
1504645689.68,1504645689.91
1504645689.69,1504645689.92
1504645689.7,1504645689.93
1504645689.71,1504645689.94
1504645689.72,1504645689.95
1504645689.73,1504645689.96
1504645689.74,1504645689.97
1504645689.75,1504645689.98
1504645689.76,1504645689.99
1504645689.77,1504645690.0
1504645689.78,1504645690.01
1504645689.79,1504645690.02
1504645689.8,1504645690.03
1504645689.81,1504645690.04
1504645689.82,1504645690.05
1504645689.83,1504645690.06
1504645689.84,1504645690.07
1504645689.85,1504645690.08
1504645689.86,1504645690.09
1504645689.87,1504645690.1
1504645689.88,1504645690.11
1504645689.89,1504645690.12
1504645689.9,1504645690.13
1504645689.91,1504645690.14
1504645689.92,1504645690.15
1504645689.93,1504645690.16
1504645689.94,1504645690.17
1504645689.95,1504645690.18
1504645689.96,1504645690.19
1504645689.97,1504645690.2
1504645689.98,1504645690.21
1504645689.99,1504645690.22
1504645690.0,1504645690.23
1504645690.01,1504645690.24
1504645690.02,1504645690.25
1504645690.04,1504645690.26
1504645690.05,1504645690.27
1504645690.06,1504645690.28
1504645690.07,1504645690.29
1504645690.08,1504645690.3
1504645690.09,1504645690.31
1504645690.1,1504645690.32
1504645690.11,1504645690.33
1504645690.12,1504645690.34
1504645690.13,1504645690.35
1504645690.14,1504645690.36
1504645690.15,1504645690.37
1504645690.16,1504645690.38
1504645690.17,1504645690.39
1504645690.18,1504645690.4
1504645690.19,1504645690.41
1504645690.2,1504645690.42
1504645690.21,1504645690.43
1504645690.22,1504645690.44
1504645690.23,1504645690.45
1504645690.245,1504645690.46
1504645690.26,1504645690.47
1504645690.275,1504645690.48
1504645690.29,1504645690.49
1504645690.305,1504645690.5
1504645690.32,1504645690.51
1504645690.335,1504645690.52
1504645690.35,1504645690.53
1504645690.365,1504645690.54
1504645690.38,1504645690.55
1504645690.395,1504645690.56
1504645690.41,1504645690.57
1504645690.425,1504645690.58
1504645690.44,1504645690.59
1504645690.455,1504645690.6
1504645690.47,1504645690.61
1504645690.485,1504645690.62
1504645690.5,1504645690.63
1504645690.515,1504645690.64
1504645690.53,1504645690.65
1504645690.545,1504645690.66
1504645690.56,1504645690.67
1504645690.575,1504645690.68
1504645690.59,1504645690.69
1504645690.605,1504645690.7
1504645690.62,1504645690.71
1504645690.635,1504645690.72
1504645690.65,1504645690.73
1504645690.665,1504645690.74
1504645690.68,1504645690.75
1504645690.695,1504645690.76
1504645690.71,1504645690.77
1504645690.725,1504645690.78
1504645690.74,1504645690.79
1504645690.755,1504645690.8
1504645690.77,1504645690.81
1504645690.785,1504645690.82
1504645690.8,1504645690.83
1504645690.815,1504645690.84
1504645690.83,1504645690.85
1504645690.845,1504645690.86
1504645690.86,1504645690.87
1504645690.875,1504645690.88
1504645690.89,1504645690.89
1504645690.905,1504645690.9
1504645690.92,1504645690.91
1504645690.935,1504645690.92
1504645690.95,1504645690.93
1504645690.965,1504645690.94
1504645690.98,1504645690.95
1504645690.995,1504645690.96
1504645691.01,1504645690.97
1504645691.025,1504645690.98
1504645691.04,1504645690.99
1504645691.055,1504645691.0
1504645691.07,1504645691.01
1504645691.085,1504645691.02
1504645691.1,1504645691.03
1504645691.115,1504645691.04
1504645691.13,1504645691.05
1504645691.145,1504645691.06
1504645691.16,1504645691.07
1504645691.175,1504645691.08
1504645691.19,1504645691.09
1504645691.205,1504645691.1
1504645691.22,1504645691.11
1504645691.235,1504645691.12
1504645691.25,1504645691.13
1504645691.265,1504645691.14
1504645691.28,1504645691.15
1504645691.295,1504645691.16
1504645691.31,1504645691.17
1504645691.325,1504645691.18
1504645691.33,1504645691.19
1504645691.34,1504645691.2
1504645691.35,1504645691.21
1504645691.36,1504645691.22
1504645691.37,1504645691.23
1504645691.38,1504645691.24
1504645691.39,1504645691.25
1504645691.4,1504645691.26
1504645691.41,1504645691.27
1504645691.421,1504645691.28
1504645691.422,1504645691.29
1504645691.426,1504645691.3
1504645691.428,1504645691.31
1504645691.429,1504645691.32
1504645691.43,1504645691.33
1504645691.44,1504645691.34
1504645691.45,1504645691.35
1504645691.46,1504645691.36
1504645691.47,1504645691.37
1504645691.49,1504645691.38
1504645691.5,1504645691.39
1504645691.51,1504645691.4
1504645691.52,1504645691.41
1504645691.53,1504645691.42
1504645691.54,1504645691.43
1504645691.55,1504645691.44
1504645691.56,1504645691.45
1504645691.57,1504645691.46
1504645691.58,1504645691.47
1504645691.59,1504645691.48
1504645691.6,1504645691.49
1504645691.61,1504645691.5
1504645691.62,1504645691.51
1504645691.63,1504645691.52
1504645691.64,1504645691.53
1504645691.65,1504645691.54
1504645691.66,1504645691.55
1504645691.67,1504645691.56
1504645691.68,1504645691.57
1504645691.69,1504645691.58
1504645691.7,1504645691.59
1504645691.71,1504645691.6
1504645691.72,1504645691.61
1504645691.73,1504645691.62
1504645691.74,1504645691.63
1504645691.75,1504645691.64
1504645691.76,1504645691.65
1504645691.77,1504645691.66
1504645691.78,1504645691.67
1504645691.79,1504645691.68
1504645691.8,1504645691.69
1504645691.81,1504645691.7
1504645691.82,1504645691.71
1504645691.83,1504645691.72
1504645691.84,1504645691.73
1504645691.85,1504645691.74
1504645691.86,1504645691.75
1504645691.87,1504645691.76
1504645691.88,1504645691.77
1504645691.89,1504645691.78
1504645691.9,1504645691.79
1504645691.91,1504645691.8
1504645691.92,1504645691.81
1504645691.93,1504645691.82
1504645691.94,1504645691.83
1504645691.95,1504645691.84
1504645691.96,1504645691.85
1504645691.97,1504645691.86
1504645691.98,1504645691.87
1504645691.99,1504645691.88
1504645692.0,1504645691.89
1504645692.01,1504645691.9
1504645692.02,1504645691.91
1504645692.03,1504645691.92
1504645692.04,1504645691.93
1504645692.05,1504645691.94
1504645692.06,1504645691.95
1504645692.07,1504645691.96
1504645692.08,1504645691.97
1504645692.09,1504645691.98
1504645692.1,1504645691.99
1504645692.11,1504645692.0
1504645692.12,1504645692.01
1504645692.13,1504645692.02
1504645692.14,1504645692.03
1504645692.15,1504645692.04
1504645692.161,1504645692.05
1504645692.163,1504645692.06
1504645692.163,1504645692.07
1504645692.163,1504645692.08
1504645692.17,1504645692.09
1504645692.18,1504645692.1
1504645692.19,1504645692.11
1504645692.2,1504645692.12
1504645692.21,1504645692.13
1504645692.229,1504645692.14
1504645692.23,1504645692.15
1504645692.24,1504645692.16
1504645692.25,1504645692.17
1504645692.26,1504645692.18
1504645692.27,1504645692.19
1504645692.28,1504645692.2
1504645692.29,1504645692.21
1504645692.3,1504645692.22
1504645692.31,1504645692.23
1504645692.32,1504645692.24
1504645692.33,1504645692.25
1504645692.34,1504645692.26
1504645692.35,1504645692.27
1504645692.36,1504645692.28
1504645692.371,1504645692.29
1504645692.38,1504645692.3
1504645692.39,1504645692.31
1504645692.4,1504645692.32
1504645692.41,1504645692.33
1504645692.42,1504645692.34
1504645692.43,1504645692.35
1504645692.44,1504645692.36
1504645692.45,1504645692.37
1504645692.46,1504645692.38
1504645692.47,1504645692.39
1504645692.48,1504645692.4
1504645692.49,1504645692.41
1504645692.5,1504645692.42
1504645692.51,1504645692.43
1504645692.52,1504645692.44
1504645692.55,1504645692.45
1504645692.56,1504645692.46
1504645692.57,1504645692.47
1504645692.58,1504645692.48
1504645692.59,1504645692.49
1504645692.6,1504645692.5
1504645692.61,1504645692.51
1504645692.62,1504645692.52
1504645692.63,1504645692.53
1504645692.64,1504645692.54
1504645692.65,1504645692.55
1504645692.66,1504645692.56
1504645692.67,1504645692.57
1504645692.68,1504645692.58
1504645692.69,1504645692.59
1504645692.7,1504645692.6
1504645692.71,1504645692.61
1504645692.72,1504645692.62
1504645692.73,1504645692.63
1504645692.74,1504645692.64
1504645692.75,1504645692.65
1504645692.76,1504645692.66
1504645692.77,1504645692.67
1504645692.78,1504645692.68
1504645692.8,1504645692.69
1504645692.81,1504645692.7
1504645692.82,1504645692.71
1504645692.83,1504645692.72
1504645692.84,1504645692.73
1504645692.85,1504645692.74
1504645692.86,1504645692.75
1504645692.87,1504645692.76
1504645692.88,1504645692.77
1504645692.89,1504645692.78
1504645692.9,1504645692.79
1504645692.91,1504645692.8
1504645692.92,1504645692.81
1504645692.93,1504645692.82
1504645692.94,1504645692.83
1504645692.95,1504645692.84
1504645692.96,1504645692.85
1504645692.97,1504645692.86
1504645692.98,1504645692.87
1504645692.99,1504645692.88
1504645693.0,1504645692.89
1504645693.01,1504645692.9
1504645693.02,1504645692.91
1504645693.03,1504645692.92
1504645693.04,1504645692.93
1504645693.05,1504645692.94
1504645693.06,1504645692.95
1504645693.07,1504645692.96
1504645693.085,1504645692.97
1504645693.1,1504645692.98
1504645693.115,1504645692.99
1504645693.13,1504645693.0
1504645693.145,1504645693.01
1504645693.16,1504645693.02
1504645693.175,1504645693.03
1504645693.19,1504645693.04
1504645693.205,1504645693.05
1504645693.22,1504645693.06
1504645693.235,1504645693.07
1504645693.25,1504645693.08
1504645693.265,1504645693.09
1504645693.28,1504645693.1
1504645693.295,1504645693.11
1504645693.31,1504645693.12
1504645693.325,1504645693.13
1504645693.34,1504645693.14
1504645693.355,1504645693.15
1504645693.37,1504645693.16
1504645693.385,1504645693.17
1504645693.4,1504645693.18
1504645693.415,1504645693.19
1504645693.43,1504645693.2
1504645693.445,1504645693.21
1504645693.46,1504645693.22
1504645693.475,1504645693.23
1504645693.49,1504645693.24
1504645693.505,1504645693.25
1504645693.52,1504645693.26
1504645693.535,1504645693.27
1504645693.55,1504645693.28
1504645693.565,1504645693.29
1504645693.58,1504645693.3
1504645693.595,1504645693.31
1504645693.61,1504645693.32
1504645693.625,1504645693.33
1504645693.64,1504645693.34
1504645693.655,1504645693.35
1504645693.67,1504645693.36
1504645693.685,1504645693.37
1504645693.7,1504645693.38
1504645693.715,1504645693.39
1504645693.73,1504645693.4
1504645693.745,1504645693.41
1504645693.76,1504645693.42
1504645693.775,1504645693.43
1504645693.79,1504645693.44
1504645693.805,1504645693.45
1504645693.82,1504645693.46
1504645693.835,1504645693.47
1504645693.85,1504645693.48
1504645693.865,1504645693.49
1504645693.88,1504645693.5
1504645693.895,1504645693.51
1504645693.91,1504645693.52
1504645693.925,1504645693.53
1504645693.94,1504645693.54
1504645693.955,1504645693.55
1504645693.97,1504645693.56
1504645693.985,1504645693.57
1504645694.0,1504645693.58
1504645694.015,1504645693.59
1504645694.03,1504645693.6
1504645694.045,1504645693.61
1504645694.06,1504645693.62
1504645694.075,1504645693.63
1504645694.09,1504645693.64
1504645694.105,1504645693.65
1504645694.12,1504645693.66
1504645694.135,1504645693.67
1504645694.15,1504645693.68
1504645694.165,1504645693.69
1504645694.18,1504645693.7
1504645694.195,1504645693.71
1504645694.21,1504645693.72
1504645694.225,1504645693.73
1504645694.24,1504645693.74
1504645694.255,1504645693.75
1504645694.27,1504645693.76
1504645694.285,1504645693.77
1504645694.3,1504645693.78
1504645694.31,1504645693.79
1504645694.32,1504645693.8
1504645694.33,1504645693.81
1504645694.345,1504645693.82
1504645694.36,1504645693.83
1504645694.375,1504645693.84
1504645694.39,1504645693.85
1504645694.405,1504645693.86
1504645694.42,1504645693.87
1504645694.435,1504645693.88
1504645694.45,1504645693.89
1504645694.465,1504645693.9
1504645694.48,1504645693.91
1504645694.495,1504645693.92
1504645694.51,1504645693.93
1504645694.525,1504645693.94
1504645694.54,1504645693.95
1504645694.555,1504645693.96
1504645694.57,1504645693.97
1504645694.585,1504645693.98
1504645694.6,1504645693.99
1504645694.615,1504645694.0
1504645694.63,1504645694.01
1504645694.645,1504645694.02
1504645694.66,1504645694.03
1504645694.675,1504645694.04
1504645694.69,1504645694.05
1504645694.705,1504645694.06
1504645694.72,1504645694.07
1504645694.735,1504645694.08
1504645694.75,1504645694.09
1504645694.765,1504645694.1
1504645694.78,1504645694.11
1504645694.795,1504645694.12
1504645694.81,1504645694.13
1504645694.825,1504645694.14
1504645694.84,1504645694.15
1504645694.855,1504645694.16
1504645694.87,1504645694.17
1504645694.885,1504645694.18
1504645694.9,1504645694.19
1504645694.915,1504645694.2
1504645694.93,1504645694.21
1504645694.945,1504645694.22
1504645694.96,1504645694.23
1504645694.975,1504645694.24
1504645694.99,1504645694.25
1504645695.005,1504645694.26
1504645695.02,1504645694.27
1504645695.035,1504645694.28
1504645695.05,1504645694.29
1504645695.065,1504645694.3
1504645695.08,1504645694.31
1504645695.095,1504645694.32
1504645695.11,1504645694.33
1504645695.125,1504645694.34
1504645695.14,1504645694.35
1504645695.155,1504645694.36
1504645695.17,1504645694.37
1504645695.185,1504645694.38
1504645695.2,1504645694.39
1504645695.215,1504645694.4
1504645695.23,1504645694.41
1504645695.245,1504645695.9
1504645695.26,1504645695.91
1504645695.275,1504645695.92
1504645695.29,1504645695.93
1504645695.305,1504645695.94
1504645695.32,1504645695.95
1504645695.335,1504645695.96
1504645695.35,1504645695.97
1504645695.365,1504645695.98
1504645695.38,1504645695.99
1504645695.395,1504645696.0
1504645695.41,1504645696.01
1504645695.425,1504645696.02
1504645695.44,1504645696.03
1504645695.455,1504645696.04
1504645695.47,1504645696.05
1504645695.485,1504645696.06
1504645695.49,1504645696.07
1504645695.5,1504645696.08
1504645695.51,1504645696.09
1504645695.52,1504645696.1
1504645695.53,1504645696.11
1504645695.54,1504645696.12
1504645695.892,1504645696.13
1504645695.902,1504645696.14
1504645695.912,1504645696.15
1504645695.922,1504645696.16
1504645695.932,1504645696.17
1504645695.942,1504645696.18
1504645695.952,1504645696.19
1504645695.962,1504645696.2
1504645695.972,1504645696.21
1504645695.982,1504645696.22
1504645695.992,1504645696.23
1504645696.002,1504645696.24
1504645696.012,1504645696.25
1504645696.022,1504645696.26
1504645696.032,1504645696.27
1504645696.042,1504645696.28
1504645696.052,1504645696.29
1504645696.062,1504645696.3
1504645696.072,1504645696.31
1504645696.082,1504645696.32
1504645696.092,1504645696.33
1504645696.102,1504645696.34
1504645696.112,1504645696.35
1504645696.122,1504645696.36
1504645696.132,1504645696.37
1504645696.142,1504645696.38
1504645696.152,1504645696.39
1504645696.162,1504645696.4
1504645696.172,1504645696.41
1504645696.182,1504645696.42
1504645696.192,1504645696.43
1504645696.202,1504645696.44
1504645696.212,1504645696.45
1504645696.222,1504645696.46
1504645696.232,1504645696.47
1504645696.242,1504645696.48
1504645696.252,1504645696.49
1504645696.262,1504645696.5
1504645696.272,1504645696.51
1504645696.282,1504645696.52
1504645696.292,1504645696.53
1504645696.302,1504645696.54
1504645696.312,1504645696.55
1504645696.322,1504645696.56
1504645696.332,1504645696.57
1504645696.342,1504645696.58
1504645696.352,1504645696.59
1504645696.362,1504645696.6
1504645696.372,1504645696.61
1504645696.382,1504645696.62
1504645696.392,1504645696.63
1504645696.402,1504645696.64
1504645696.412,1504645696.65
1504645696.422,1504645696.66
1504645696.432,1504645696.67
1504645696.442,1504645696.68
1504645696.452,1504645696.69
1504645696.462,1504645696.7
1504645696.472,1504645696.71
1504645696.482,1504645696.72
1504645696.492,1504645696.73
1504645696.502,1504645696.74
1504645696.512,1504645696.75
1504645696.522,1504645696.76
1504645696.532,1504645696.77
1504645696.542,1504645696.78
1504645696.552,1504645696.79
1504645696.562,1504645696.8
1504645696.572,1504645696.81
1504645696.582,1504645697.64
1504645696.592,1504645697.65
1504645696.602,1504645697.66
1504645696.612,1504645697.67
1504645696.622,1504645697.68
1504645696.632,1504645697.69
1504645696.642,1504645697.7
1504645696.652,1504645697.71
1504645696.662,1504645697.72
1504645696.672,1504645697.73
1504645696.682,1504645697.74
1504645696.692,1504645697.75
1504645696.702,1504645697.76
1504645696.712,1504645697.77
1504645696.722,1504645697.78
1504645696.732,1504645697.79
1504645696.742,1504645697.8
1504645696.752,1504645697.81
1504645696.762,1504645697.82
1504645696.772,1504645697.83
1504645696.782,1504645697.84
1504645696.792,1504645697.85
1504645696.802,1504645697.86
1504645697.64,1504645697.87
1504645697.65,1504645697.88
1504645697.66,1504645697.89
1504645697.67,1504645697.9
1504645697.68,1504645697.91
1504645697.69,1504645697.92
1504645697.7,1504645697.93
1504645697.71,1504645697.94
1504645697.72,1504645697.95
1504645697.73,1504645697.96
1504645697.74,1504645697.97
1504645697.75,1504645697.98
1504645697.76,1504645697.99
1504645697.77,1504645698.0
1504645697.78,1504645698.01
1504645697.79,1504645698.02
1504645697.8,1504645698.03
1504645697.81,1504645698.04
1504645697.82,1504645698.05
1504645697.83,1504645698.06
1504645697.84,1504645698.07
1504645697.85,1504645698.08
1504645697.86,1504645698.09
1504645697.87,1504645698.1
1504645697.88,1504645698.11
1504645697.89,1504645698.12
1504645697.9,1504645698.13
1504645697.91,1504645698.14
1504645697.92,1504645698.15
1504645697.93,1504645698.16
1504645697.94,1504645698.17
1504645697.95,1504645698.18
1504645697.96,1504645698.19
1504645697.97,1504645698.2
1504645697.98,1504645698.21
1504645697.99,1504645698.22
1504645698.0,1504645698.23
1504645698.01,1504645698.24
1504645698.02,1504645698.25
1504645698.03,1504645698.26
1504645698.04,1504645698.27
1504645698.05,1504645698.28
1504645698.06,1504645698.29
1504645698.075,1504645698.3
1504645698.09,1504645698.31
1504645698.105,1504645698.32
1504645698.12,1504645698.33
1504645698.135,1504645698.34
1504645698.15,1504645698.35
1504645698.165,1504645698.36
1504645698.18,1504645698.37
1504645698.195,1504645698.38
1504645698.21,1504645698.39
1504645698.225,1504645698.4
1504645698.24,1504645698.41
1504645698.255,1504645698.42
1504645698.27,1504645698.43
1504645698.285,1504645698.44
1504645698.3,1504645698.45
1504645698.315,1504645698.46
1504645698.33,1504645698.47
1504645698.345,1504645698.48
1504645698.36,1504645698.49
1504645698.375,1504645698.5
1504645698.39,1504645698.51
1504645698.405,1504645698.52
1504645698.42,1504645698.53
1504645698.435,1504645698.54
1504645698.45,1504645698.55
1504645698.465,1504645698.56
1504645698.48,1504645698.57
1504645698.495,1504645698.58
1504645698.51,1504645698.59
1504645698.525,1504645698.6
1504645698.54,1504645698.61
1504645698.555,1504645698.62
1504645698.57,1504645698.63
1504645698.585,1504645698.64
1504645698.6,1504645698.65
1504645698.615,1504645698.66
1504645698.63,1504645698.67
1504645698.645,1504645698.68
1504645698.66,1504645698.69
1504645698.675,1504645698.7
1504645698.69,1504645698.71
1504645698.705,1504645698.72
1504645698.72,1504645698.73
1504645698.735,1504645698.74
1504645698.75,1504645698.75
1504645698.765,1504645698.76
1504645698.78,1504645698.77
1504645698.795,1504645698.78
1504645698.81,1504645698.79
1504645698.825,1504645698.8
1504645698.84,1504645698.81
1504645698.855,1504645698.82
1504645698.87,1504645698.83
1504645698.885,1504645698.84
1504645698.9,1504645698.85
1504645698.915,1504645698.86
1504645698.93,1504645698.87
1504645698.945,1504645698.88
1504645698.96,1504645698.89
1504645698.975,1504645698.9
1504645698.99,1504645698.91
1504645699.005,1504645698.92
1504645699.02,1504645698.93
1504645699.035,1504645698.94
1504645699.05,1504645698.95
1504645699.065,1504645698.96
1504645699.08,1504645698.97
1504645699.095,1504645698.98
1504645699.11,1504645698.99
1504645699.125,1504645699.0
1504645699.14,1504645699.01
1504645699.155,1504645699.02
1504645699.17,1504645699.03
1504645699.185,1504645699.04
1504645699.2,1504645699.05
1504645699.215,1504645699.06
1504645699.23,1504645699.07
1504645699.245,1504645699.08
1504645699.26,1504645699.09
1504645699.275,1504645699.1
1504645699.29,1504645699.11
1504645699.305,1504645699.12
1504645699.32,1504645699.13
1504645699.335,1504645699.14
1504645699.35,1504645699.15
1504645699.365,1504645699.16
1504645699.37,1504645699.17
1504645699.38,1504645699.18
1504645699.39,1504645699.19
1504645699.4,1504645699.2
1504645699.41,1504645699.21
1504645699.42,1504645699.22
1504645699.43,1504645699.23
1504645699.44,1504645699.24
1504645699.455,1504645699.25
1504645699.46,1504645699.26
1504645699.47,1504645700.59
1504645699.48,1504645700.6
1504645699.49,1504645700.61
1504645699.5,1504645700.62
1504645699.51,1504645700.63
1504645699.52,1504645700.64
1504645699.53,1504645700.65
1504645699.54,1504645700.66
1504645699.55,1504645700.67
1504645699.56,1504645700.68
1504645699.57,1504645702.52
1504645699.58,1504645702.53
1504645699.6,1504645702.54
1504645699.61,1504645702.55
1504645699.62,1504645702.56
1504645699.63,1504645702.57
1504645699.64,1504645702.58
1504645699.65,1504645702.59
1504645699.66,1504645702.6
1504645699.67,1504645702.61
1504645699.68,1504645702.62
1504645699.69,1504645702.63
1504645699.7,1504645702.64
1504645700.59,1504645702.65
1504645700.6,1504645702.66
1504645700.61,1504645702.67
1504645700.62,1504645702.68
1504645700.63,1504645702.69
1504645700.64,1504645702.7
1504645700.65,1504645702.71
1504645700.66,1504645702.72
1504645700.67,1504645702.73
1504645700.68,1504645702.74
1504645702.515,1504645702.75
1504645702.525,1504645702.76
1504645702.535,1504645702.77
1504645702.545,1504645702.78
1504645702.555,1504645702.79
1504645702.565,1504645702.8
1504645702.575,1504645702.81
1504645702.585,1504645702.82
1504645702.595,1504645702.83
1504645702.605,1504645702.84
1504645702.615,1504645702.85
1504645702.625,1504645702.86
1504645702.635,1504645702.87
1504645702.645,1504645702.88
1504645702.655,1504645702.89
1504645702.665,1504645702.9
1504645702.675,1504645702.91
1504645702.685,1504645702.92
1504645702.695,1504645702.93
1504645702.705,1504645702.94
1504645702.715,1504645702.95
1504645702.725,1504645702.96
1504645702.735,1504645702.97
1504645702.745,1504645702.98
1504645702.755,1504645702.99
1504645702.765,1504645707.5
1504645702.775,1504645707.51
1504645702.785,1504645707.52
1504645702.795,1504645707.53
1504645702.805,1504645707.54
1504645702.815,1504645707.55
1504645702.825,1504645707.56
1504645702.835,1504645707.57
1504645702.845,1504645707.58
1504645702.855,1504645707.59
1504645702.865,1504645707.6
1504645702.875,1504645707.61
1504645702.885,1504645707.62
1504645702.895,1504645707.63
1504645702.905,1504645707.64
1504645702.915,1504645707.65
1504645702.925,1504645707.66
1504645702.935,1504645707.67
1504645702.945,1504645707.68
1504645702.955,1504645707.69
1504645702.965,1504645707.7
1504645702.975,1504645707.71
1504645702.985,1504645707.72
1504645707.491,1504645707.73
1504645707.501,1504645707.74
1504645707.511,1504645707.75
1504645707.521,1504645707.76
1504645707.531,1504645707.77
1504645707.541,1504645707.78
1504645707.551,1504645707.79
1504645707.561,1504645707.8
1504645707.571,1504645707.81
1504645707.581,1504645707.82
1504645707.591,1504645707.83
1504645707.601,1504645707.84
1504645707.611,1504645707.85
1504645707.621,1504645707.86
1504645707.631,1504645707.87
1504645707.641,1504645707.88
1504645707.651,1504645707.89
1504645707.661,1504645707.9
1504645707.671,1504645707.91
1504645707.681,1504645707.92
1504645707.691,1504645707.93
1504645707.701,1504645707.94
1504645707.711,1504645707.95
1504645707.721,1504645707.96
1504645707.731,1504645707.97
1504645707.741,1504645707.98
1504645707.751,1504645707.99
1504645707.761,1504645708.0
1504645707.771,1504645708.01
1504645707.781,1504645708.02
1504645707.791,1504645708.03
1504645707.801,1504645708.04
1504645707.811,1504645708.05
1504645707.821,1504645708.06
1504645707.831,1504645708.07
1504645707.841,1504645708.08
1504645707.851,1504645708.09
1504645707.861,1504645708.1
1504645707.871,1504645708.11
1504645707.881,1504645708.12
1504645707.891,1504645708.13
1504645707.901,1504645708.14
1504645707.911,1504645708.15
1504645707.921,1504645708.16
1504645707.931,1504645708.17
1504645707.941,1504645708.18
1504645707.951,1504645708.19
1504645707.961,1504645708.2
1504645707.971,1504645708.21
1504645707.981,1504645708.22
1504645707.991,1504645708.23
1504645708.001,1504645708.24
1504645708.011,1504645708.25
1504645708.021,1504645708.26
1504645708.031,1504645708.27
1504645708.041,1504645708.28
1504645708.051,1504645708.29
1504645708.061,1504645708.3
1504645708.071,1504645708.31
1504645708.081,1504645708.32
1504645708.091,1504645710.85
1504645708.101,1504645710.86
1504645708.111,1504645710.87
1504645708.121,1504645710.88
1504645708.131,1504645710.89
1504645708.141,1504645710.9
1504645708.151,1504645710.91
1504645708.161,1504645710.92
1504645708.171,1504645710.93
1504645708.181,1504645710.94
1504645708.191,1504645710.95
1504645708.201,1504645710.96
1504645708.211,1504645710.97
1504645708.221,1504645710.98
1504645708.231,1504645710.99
1504645708.241,1504645711.0
1504645708.251,1504645711.01
1504645708.261,1504645711.02
1504645708.271,1504645711.03
1504645708.281,1504645711.04
1504645708.291,1504645711.05
1504645708.301,1504645711.06
1504645708.311,1504645711.07
1504645710.85,1504645711.08
1504645710.86,1504645711.23
1504645710.87,1504645711.24
1504645710.88,1504645711.25
1504645710.89,1504645711.26
1504645710.9,1504645711.27
1504645710.91,1504645711.28
1504645710.92,1504645711.29
1504645710.93,1504645711.3
1504645710.94,1504645711.31
1504645710.95,1504645711.32
1504645710.96,1504645711.33
1504645710.97,1504645711.34
1504645710.98,1504645711.35
1504645710.99,1504645711.36
1504645711.0,1504645711.37
1504645711.01,1504645711.38
1504645711.02,1504645711.39
1504645711.03,1504645711.4
1504645711.04,1504645711.41
1504645711.05,1504645711.42
1504645711.06,1504645711.43
1504645711.07,1504645711.44
1504645711.08,1504645711.45
1504645711.222,1504645711.46
1504645711.232,1504645711.47
1504645711.242,1504645711.48
1504645711.252,1504645711.49
1504645711.262,1504645711.5
1504645711.272,1504645711.51
1504645711.282,1504645711.52
1504645711.292,1504645711.53
1504645711.302,1504645711.54
1504645711.312,1504645711.55
1504645711.322,1504645711.56
1504645711.332,1504645711.57
1504645711.342,1504645711.58
1504645711.352,1504645711.59
1504645711.362,1504645711.6
1504645711.372,1504645711.61
1504645711.382,1504645711.62
1504645711.392,1504645711.63
1504645711.402,1504645711.64
1504645711.412,1504645711.65
1504645711.422,1504645711.66
1504645711.432,1504645711.67
1504645711.442,1504645711.68
1504645711.452,1504645711.69
1504645711.462,1504645711.7
1504645711.472,1504645711.71
1504645711.482,1504645711.72
1504645711.492,1504645711.73
1504645711.502,1504645711.74
1504645711.512,1504645711.75
1504645711.522,1504645711.76
1504645711.532,1504645711.77
1504645711.542,1504645711.78
1504645711.552,1504645711.79
1504645711.562,1504645711.8
1504645711.572,1504645711.81
1504645711.582,1504645711.82
1504645711.592,1504645711.83
1504645711.602,1504645711.84
1504645711.612,1504645711.85
1504645711.622,1504645711.86
1504645711.632,1504645711.87
1504645711.642,1504645711.88
1504645711.652,1504645711.89
1504645711.662,1504645711.9
1504645711.672,1504645711.91
1504645711.682,1504645711.92
1504645711.692,1504645711.93
1504645711.702,1504645711.94
1504645711.712,1504645711.95
1504645711.722,1504645711.96
1504645711.732,1504645711.97
1504645711.742,1504645711.98
1504645711.752,1504645711.99
1504645711.762,1504645712.0
1504645711.772,1504645712.01
1504645711.782,1504645712.02
1504645711.792,1504645712.03
1504645711.802,1504645712.04
1504645711.812,1504645712.05
1504645711.822,1504645712.06
1504645711.832,1504645712.07
1504645711.842,1504645712.08
1504645711.852,1504645712.09
1504645711.862,1504645712.1
1504645711.872,1504645712.11
1504645711.882,1504645712.12
1504645711.892,1504645712.13
1504645711.902,1504645712.14
1504645711.912,1504645712.15
1504645711.922,1504645712.16
1504645711.932,1504645713.53
1504645711.942,1504645713.54
1504645711.952,1504645713.55
1504645711.962,1504645713.56
1504645711.972,1504645713.57
1504645711.982,1504645713.58
1504645711.992,1504645713.59
1504645712.002,1504645713.6
1504645712.012,1504645713.61
1504645712.022,1504645713.62
1504645712.032,1504645713.63
1504645712.042,1504645713.64
1504645712.052,1504645713.65
1504645712.062,1504645713.66
1504645712.072,1504645713.67
1504645712.082,1504645713.68
1504645712.092,1504645713.69
1504645712.102,1504645713.7
1504645712.112,1504645713.71
1504645712.122,1504645713.72
1504645712.132,1504645713.73
1504645712.142,1504645713.74
1504645712.152,1504645713.75
1504645713.53,1504645713.76
1504645713.54,1504645713.77
1504645713.55,1504645713.78
1504645713.56,1504645713.79
1504645713.57,1504645713.8
1504645713.58,1504645713.81
1504645713.59,1504645713.82
1504645713.6,1504645713.83
1504645713.61,1504645713.84
1504645713.62,1504645713.85
1504645713.63,1504645713.86
1504645713.64,1504645713.87
1504645713.65,1504645713.88
1504645713.66,1504645713.89
1504645713.67,1504645713.9
1504645713.68,1504645713.91
1504645713.69,1504645713.92
1504645713.7,1504645713.93
1504645713.71,1504645713.94
1504645713.72,1504645713.95
1504645713.73,1504645713.96
1504645713.74,1504645713.97
1504645713.76,1504645713.98
1504645713.77,1504645713.99
1504645713.78,1504645714.0
1504645713.79,1504645714.01
1504645713.802,1504645714.02
1504645713.802,1504645714.03
1504645713.805,1504645714.04
1504645713.809,1504645714.05
1504645713.81,1504645714.06
1504645713.81,1504645714.07
1504645713.82,1504645714.08
1504645713.83,1504645714.09
1504645713.84,1504645714.1
1504645713.85,1504645714.11
1504645713.86,1504645714.12
1504645713.87,1504645714.13
1504645713.88,1504645714.14
1504645713.89,1504645714.15
1504645713.9,1504645714.16
1504645713.91,1504645715.33
1504645713.92,1504645715.34
1504645713.93,1504645715.35
1504645713.94,1504645715.36
1504645713.95,1504645715.37
1504645713.96,1504645715.38
1504645713.97,1504645715.39
1504645713.98,1504645715.4
1504645713.99,1504645715.41
1504645714.0,1504645715.42
1504645714.01,1504645715.43
1504645714.02,1504645715.44
1504645714.03,1504645715.45
1504645714.04,1504645715.46
1504645714.05,1504645715.47
1504645714.06,1504645715.48
1504645714.07,1504645715.49
1504645714.08,1504645715.5
1504645714.09,1504645715.51
1504645714.1,1504645715.52
1504645714.11,1504645715.53
1504645714.12,1504645715.54
1504645714.13,1504645715.55
1504645714.14,1504645715.56
1504645714.15,1504645715.57
1504645714.16,1504645715.58
1504645715.327,1504645715.59
1504645715.337,1504645715.6
1504645715.347,1504645715.61
1504645715.357,1504645715.62
1504645715.367,1504645715.63
1504645715.377,1504645715.64
1504645715.387,1504645715.65
1504645715.397,1504645715.66
1504645715.407,1504645715.67
1504645715.417,1504645715.68
1504645715.427,1504645715.69
1504645715.437,1504645715.7
1504645715.447,1504645715.71
1504645715.457,1504645715.72
1504645715.467,1504645715.73
1504645715.477,1504645715.74
1504645715.487,1504645715.75
1504645715.497,1504645715.76
1504645715.507,1504645715.77
1504645715.517,1504645715.78
1504645715.527,1504645715.79
1504645715.537,1504645715.8
1504645715.547,1504645715.81
1504645715.557,1504645715.82
1504645715.567,1504645715.83
1504645715.577,1504645715.84
1504645715.587,1504645715.85
1504645715.597,1504645715.86
1504645715.607,1504645715.87
1504645715.617,1504645715.88
1504645715.627,1504645715.89
1504645715.637,1504645715.9
1504645715.647,1504645715.91
1504645715.657,1504645715.92
1504645715.667,1504645715.93
1504645715.677,1504645715.94
1504645715.687,1504645715.95
1504645715.697,1504645715.96
1504645715.707,1504645715.97
1504645715.717,1504645715.98
1504645715.727,1504645715.99
1504645715.737,1504645716.0
1504645715.747,1504645716.01
1504645715.757,1504645716.02
1504645715.767,1504645716.03
1504645715.777,1504645716.04
1504645715.787,1504645716.05
1504645715.797,1504645716.06
1504645715.807,1504645716.07
1504645715.817,1504645716.08
1504645715.827,1504645716.09
1504645715.837,1504645716.1
1504645715.847,1504645716.11
1504645715.857,1504645716.12
1504645715.867,1504645716.13
1504645715.877,1504645716.14
1504645715.887,1504645716.15
1504645715.897,1504645716.16
1504645715.907,1504645716.17
1504645715.917,1504645716.18
1504645715.927,1504645716.19
1504645715.937,1504645716.2
1504645715.947,1504645716.21
1504645715.957,1504645716.22
1504645715.967,1504645716.23
1504645715.977,1504645716.24
1504645715.987,1504645716.25
1504645715.997,1504645716.26
1504645716.007,1504645716.27
1504645716.017,1504645716.28
1504645716.027,1504645716.29
1504645716.037,1504645716.3
1504645716.047,1504645716.31
1504645716.057,1504645716.32
1504645716.067,1504645716.86
1504645716.077,1504645716.87
1504645716.087,1504645716.88
1504645716.097,1504645716.89
1504645716.107,1504645716.9
1504645716.117,1504645716.91
1504645716.127,1504645716.92
1504645716.137,1504645716.93
1504645716.147,1504645716.94
1504645716.157,1504645716.95
1504645716.167,1504645716.96
1504645716.177,1504645716.97
1504645716.187,1504645716.98
1504645716.197,1504645716.99
1504645716.207,1504645717.0
1504645716.217,1504645717.01
1504645716.227,1504645717.02
1504645716.237,1504645717.03
1504645716.247,1504645717.04
1504645716.257,1504645717.05
1504645716.267,1504645717.06
1504645716.277,1504645717.07
1504645716.287,1504645717.08
1504645716.297,1504645717.09
1504645716.307,1504645717.1
1504645716.317,1504645717.11
1504645716.853,1504645717.12
1504645716.863,1504645717.13
1504645716.873,1504645717.14
1504645716.883,1504645717.15
1504645716.893,1504645717.16
1504645716.903,1504645717.17
1504645716.913,1504645717.18
1504645716.923,1504645717.19
1504645716.933,1504645717.2
1504645716.943,1504645717.21
1504645716.953,1504645717.22
1504645716.963,1504645717.23
1504645716.973,1504645717.24
1504645716.983,1504645717.25
1504645716.993,1504645717.26
1504645717.003,1504645717.27
1504645717.013,1504645717.28
1504645717.023,1504645717.29
1504645717.033,1504645717.3
1504645717.043,1504645717.31
1504645717.053,1504645717.32
1504645717.063,1504645717.33
1504645717.073,
1504645717.083,
1504645717.093,
1504645717.103,
1504645717.113,
1504645717.123,
1504645717.133,
1504645717.143,
1504645717.153,
1504645717.163,
1504645717.173,
1504645717.183,
1504645717.193,
1504645717.203,
1504645717.213,
1504645717.223,
1504645717.233,
1504645717.243,
1504645717.253,
1504645717.263,
1504645717.273,
1504645717.283,
1504645717.293,
1504645717.303,
1504645717.313,
1504645717.323,
