Date_Time,Error
10789416,10789424
10789452,10789454
10789488,10789492
10789524,10789535
10789560,10789569
10789596,10789592
10789632,10789636
10789668,10789668
10789704,10789704
10789740,10789742
10789776,10789776
10789812,10789819
10789848,10789851
10789884,10789884
10789920,10789922
10789956,10789957
10789992,10789999
10790028,10790027
10790064,10790065
10790100,10790096
10790136,10790124
10790172,10790175
10794564,10794567
10794600,10794611
10794636,10794640
10794672,10794668
10794708,10794713
10794744,10794738
10794780,10794778
10794816,10794816
10794852,10794860
10794888,10794885
10794924,10794920
10794960,10794960
10794996,10794993
10795032,10795037
10795068,10795063
10795104,10795099
10795140,10795138
10795176,10795174
10795212,10795221
10795248,10795252
10795284,10795284
10795320,10795314
10795356,10795360
10795392,10795387
10795428,10795421
10795464,10795469
10795500,10795501
10795536,10795540
10795572,10795573
10795608,10795612
10795644,10795641
10795680,10795675
10795716,10795719
10795752,10795748
10795788,10795785
10795824,10795822
10795860,10795860
10795896,10795895
10795932,10795926
10795968,10795965
10796004,10795993
10796040,10796043
10796076,10796068
10796112,10796107
10796148,10796148
10796184,10796181
10796220,10796227
10796256,10796250
10796292,10796293
10796328,10796328
10796364,10796359
10796400,10796402
10796436,10796436
10796472,10796475
10796508,10796512
10796544,10796554
10796580,10796586
10796616,10796615
10796652,10796651
10796688,10796693
10796724,10796727
10796760,10796763
10796796,10796788
10796832,10796832
10796868,10796865
10796904,10796905
10796940,10796940
10796976,10796980
10797012,10797013
10797048,10797051
10797084,10797082
10797120,10797116
10797156,10797154
10797192,10797192
10802664,10802663
10802700,10802695
10802736,10802737
10802772,10802768
10802808,10802812
10802844,10802843
10802880,10802880
10802916,10802918
10802952,10802955
10802988,10802981
10803024,10803023
10803060,10803064
10803096,10803088
10803132,10803133
10803168,10803157
10803204,10803199
10803240,10803240
10803276,10803268
10803312,10803308
10803348,10803341
10803384,10803392
10803420,10803420
10803456,10803458
10803492,10803491
10803528,10803527
10803564,10803556
10803600,10803599
10803636,10803633
10803672,10803676
10803708,10803713
10803744,10803751
10803780,10803784
10803816,10803814
10803852,10803847
10803888,10803891
10803924,10803925
10803960,10803952
10803996,10803997
10804032,10804036
10804068,10804068
10804104,10804104
10804140,10804136
10804176,10804169
10804212,10804216
10804248,10804247
10804284,10804283
10804320,10804328
10804356,10804359
10804392,10804393
10804428,10804428
10804464,10804471
10804500,10804508
10804536,10804540
10804572,10804574
10804608,10804598
10804644,10804644
10804680,10804680
10804716,10804716
10804752,10804756
10804788,10804775
10804824,10804822
10804860,10804861
10804896,10804894
10804932,10804925
10804968,10804972
10805004,10805005
10805040,10805036
10805076,10805077
10805112,10805116
10805148,10805148
10805184,10805188
10805220,10805220
10805256,10805255
10805292,10805287
10805328,10805328
10805364,10805364
10805400,10805404
10805436,10805436
10805472,10805474
10805508,10805504
10805544,10805541
10805580,10805580
10805616,10805611
10805652,10805656
10805688,10805690
10805724,10805725
10805760,10805761
10805796,10805806
10805832,10805830
10805868,10805857
10805904,10805904
10805940,10805940
10805976,10805974
10806012,10806008
10806048,10806046
10806084,10806084
10806120,10806118
10806156,10806168
10806192,10806188
10806228,10806225
10806264,10806253
10806300,10806301
10806336,10806326
10806372,10806370
10806408,10806407
10806444,10806441
10806480,10806488
10806516,10806520
10806552,10806558
10806588,10806584
10806624,10806629
10806660,10806662
10806696,10806699
10806732,10806737
10806768,10806764
10806804,10806802
10806840,10806844
10806876,10806863
10806912,10806919
10806948,10806950
10806984,10806984
10807020,10807021
10807056,10807051
10807092,10807091
10807128,10807133
10807164,10807170
10807200,10807213
10807236,10807236
10807272,10807269
10807308,10807306
10807344,10807339
10807380,10807380
10807416,10807417
10807452,10807452
10807488,10807493
10807524,10807523
10807560,10807559
10807596,10807594
10807632,10807624
10807668,10807661
10807704,10807699
10807740,10807746
10807776,10807780
10807812,10807818
10807848,10807842
10807884,10807875
10807920,10807917
10807956,10807956
10807992,10807994
10808028,10808033
10808064,10808065
10808100,10808108
10808136,10808135
10808172,10808168
10808208,10808200
10813752,10813748
10813788,10813793
10813824,10813831
10813860,10813861
10813896,10813894
10813932,10813937
10813968,10813971
10814004,10814008
10814040,10814037
10814076,10814062
10820988,10820984
10821024,10821024
10821060,10821052
10821096,10821102
10821132,10821128
10821168,10821168
10821204,10821203
10821240,10821237
10821276,10821272
10821312,10821316
10821348,10821346
10821384,10821385
10821420,10821416
10821456,10821453
10821492,10821494
10821528,10821532
10821564,10821564
10821600,10821593
10821636,10821645
10821672,10821668
10821708,10821701
10821744,10821756
10821780,10821778
10821816,10821809
10825776,10825771
10825812,10825820
10825848,10825848
10825884,10825891
10825920,10825917
10825956,10825952
10825992,10825993
10826028,10826020
10826064,10826065
10826100,10826100
10826136,10826141
10826172,10826175
10826208,10826206
10826244,10826239
10826280,10826288
10826316,10826313
10826352,10826347
10826388,10826383
10826424,10826429
10826460,10826458
10826496,10826493
10826532,10826532
10826568,10826567
10826604,10826601
10826640,10826643
10826676,10826681
10826712,10826716
10826748,10826751
10826784,10826786
10826820,10826812
10826856,10826864
10826892,10826893
10826928,10826931
10826964,10826969
10827000,10827007
10827036,10827038
10827072,10827074
10827108,10827106
10827144,10827144
10827180,10827176
10827216,10827213
10827252,10827248
10827288,10827288
10827324,10827329
10827360,10827375
10827396,10827396
10827432,10827426
10827468,10827474
10827504,10827503
10827540,10827537
10827576,10827577
10827612,10827606
10827648,10827649
10827684,10827684
10827720,10827720
10827756,10827757
10827792,10827792
10827828,10827828
10827864,10827865
10827900,10827902
10827936,10827931
10827972,10827965
10828008,10828008
10828044,10828037
10828080,10828080
10828116,10828120
10828152,10828155
10828188,10828183
10828224,10828220
10828260,10828261
10828296,10828294
10828332,10828331
10828368,10828370
10828404,10828400
10828440,10828438
10828476,10828472
10828512,10828507
10828548,10828544
10828584,10828587
10828620,10828620
10828656,10828652
10828692,10828691
10828728,10828720
10828764,10828761
10828800,10828810
10828836,10828836
10828872,10828875
10828908,10828908
10828944,10828945
10828980,10828983
10829016,10829011
10829052,10829052
10829088,10829095
10829124,10829121
10829160,10829158
10829196,10829195
10829232,10829233
10829268,10829270
10829304,10829310
10829340,10829342
10829376,10829376
10829412,10829418
10829448,10829451
10829484,10829477
10829520,10829532
10829556,10829564
10829592,10829592
10829628,10829629
10829664,10829670
10829700,10829700
10829736,10829739
10829772,10829777
10829808,10829803
10829844,10829841
10829880,10829884
10829916,10829918
10829952,10829956
10829988,10829988
10830024,10830023
10830060,10830051
10830096,10830091
10830132,10830132
10830168,10830172
10830204,10830206
10830240,10830240
10830276,10830275
10830312,10830313
10830348,10830348
10830384,10830391
10830420,10830420
10830456,10830449
10830492,10830486
10830528,10830535
10830564,10830559
10830600,10830603
10830636,10830635
10830672,10830672
10830708,10830708
10830744,10830750
10830780,10830780
10830816,10830816
10830852,10830845
10830888,10830889
10830924,10830926
10830960,10830961
10830996,10831002
10831032,10831032
10831068,10831069
10831104,10831112
10831140,10831133
10831176,10831174
10831212,10831219
10831248,10831252
10831284,10831287
10831320,10831324
10831356,10831357
10831392,10831400
10831428,10831429
10831464,10831465
10831500,10831500
10831536,10831536
10831572,10831567
10831608,10831611
10831644,10831644
10831680,10831689
10831716,10831716
10831752,10831754
10831788,10831789
10831824,10831821
10831860,10831864
10831896,10831905
10831932,10831932
10831968,10831967
10832004,10832003
10832040,10832031
10832076,10832076
10832112,10832113
10832148,10832153
10832184,10832188
10832220,10832218
10832256,10832255
10832292,10832297
10832328,10832328
10832364,10832362
10832400,10832406
10832436,10832441
10832472,10832472
10832508,10832506
10832544,10832534
10832580,10832582
10832616,10832612
10832652,10832643
10832688,10832695
10832724,10832727
10832760,10832755
10832796,10832790
10832832,10832836
10832868,10832864
10832904,10832910
10832940,10832943
10832976,10832978
10833012,10833014
10833048,10833048
10833084,10833088
10833120,10833118
10833156,10833156
10833192,10833195
10833228,10833230
10833264,10833259
10833300,10833298
10833336,10833337
10833372,10833370
10833408,10833416
10833444,10833443
10833480,10833480
10833516,10833519
10833552,10833553
10833588,10833588
10833624,10833621
10833660,10833661
10833696,10833701
10833732,10833734
10833768,10833765
10837944,10837948
10837980,10837982
10838016,10838012
10838052,10838065
10838088,10838090
10838124,10838135
10838160,10838168
10838196,10838196
10845108,10845108
10845144,10845142
10845180,10845185
10845216,10845217
10845252,10845252
10845288,10845291
10845324,10845326
10850904,10850896
10850940,10850943
10850976,10850979
10851012,10851011
10851048,10851043
10851084,10851084
10851120,10851116
10851156,10851152
10851192,10851192
10851228,10851223
10851264,10851265
10851300,10851303
10851336,10851332
10851372,10851366
10851408,10851415
10851444,10851440
10851480,10851477
10851516,10851517
10851552,10851554
10851588,10851587
10851624,10851626
10851660,10851658
10851696,10851692
10851732,10851739
10851768,10851780
10851804,10851812
10851840,10851840
10851876,10851885
10851912,10851913
10851948,10851946
10851984,10851986
10852020,10852020
10852056,10852052
10852092,10852088
10852128,10852132
10852164,10852155
10852200,10852203
10852236,10852228
10852272,10852262
10852308,10852299
10852344,10852353
10852380,10852380
10852416,10852416
10852452,10852459
10852488,10852492
10855476,10855472
10855512,10855514
10855548,10855548
10855584,10855583
10855620,10855612
10855656,10855658
10855692,10855694
10855728,10855724
10855764,10855768
10855800,10855794
10855836,10855836
10855872,10855871
10855908,10855902
10855944,10855944
10855980,10855988
10856016,10856016
10856052,10856050
10856088,10856090
10856124,10856124
10856160,10856160
10856196,10856194
10856232,10856239
10856268,10856270
10856304,10856302
10856340,10856340
10856376,10856373
10856412,10856409
10856448,10856445
10856484,10856479
10856520,10856523
10856556,10856555
10856592,10856594
10856628,10856625
10856664,10856664
10856700,10856697
10856736,10856739
10856772,10856771
10856808,10856805
10856844,10856836
10856880,10856881
10856916,10856913
10856952,10856952
10856988,10856986
10857024,10857028
10857060,10857062
10857096,10857098
10857132,10857129
10857168,10857170
10857204,10857212
10857240,10857236
10857276,10857276
10857312,10857304
10857348,10857354
10857384,10857383
10857420,10857423
10857456,10857448
10857492,10857500
10857528,10857527
10857564,10857566
10857600,10857600
10857636,10857635
10857672,10857680
10857708,10857700
10857744,10857745
10857780,10857784
10857816,10857816
10857852,10857852
10857888,10857888
10857924,10857918
10857960,10857960
10857996,10857998
10858032,10858032
10858068,10858067
10858104,10858102
10858140,10858139
10858176,10858182
10858212,10858202
10858248,10858248
10858284,10858283
10858320,10858327
10858356,10858356
10858392,10858399
10858428,10858418
10858464,10858466
10858500,10858501
10858536,10858542
10858572,10858564
10858608,10858608
10858644,10858644
10858680,10858678
10858716,10858722
10858752,10858751
10858788,10858798
10858824,10858829
10858860,10858864
10858896,10858898
10858932,10858927
10858968,10858966
10859004,10859006
10859040,10859043
10859076,10859082
10859112,10859110
10859148,10859144
10859184,10859188
10859220,10859216
10859256,10859260
10859292,10859297
10859328,10859330
10859364,10859363
10859400,10859400
10859436,10859438
10859472,10859472
10859508,10859518
10859544,10859540
10859580,10859575
10859616,10859612
10859652,10859650
10859688,10859678
10859724,10859721
10859760,10859757
10859796,10859796
10859832,10859834
10859868,10859862
10859904,10859908
10859940,10859949
10859976,10859975
10860012,10860019
10860048,10860048
10860084,10860093
10860120,10860125
10860156,10860149
10860192,10860192
10860228,10860233
10860264,10860264
10860300,10860300
10860336,10860342
10860372,10860369
10860408,10860408
10860444,10860445
10860480,10860479
10860516,10860516
10860552,10860555
10860588,10860590
10860624,10860620
10860660,10860655
10860696,10860693
10860732,10860732
10860768,10860768
10860804,10860800
10860840,10860838
10860876,10860869
10860912,10860914
10860948,10860948
10860984,10860978
10861020,10861020
10861056,10861062
10861092,10861089
10861128,10861134
10861164,10861163
10861200,10861200
10861236,10861236
10861272,10861279
10861308,10861308
10861344,10861339
10861380,10861374
10861416,10861409
10861452,10861444
10861488,10861488
10861524,10861520
10861560,10861560
10861596,10861593
10861632,10861629
10861668,10861666
10861704,10861707
10861740,10861744
10861776,10861777
10861812,10861808
10861848,10861851
10865520,10865506
10865556,10865551
10865592,10865592
10865628,10865635
10865664,10865661
10865700,10865702
10865736,10865742
10865772,10865772
10865808,10865808
10865844,10865838
10865880,10865874
10865916,10865918
10865952,10865951
10865988,10865988
10866024,10866024
10866060,10866063
10866096,10866093
10866132,10866131
10866168,10866177
10866204,10866201
10866240,10866239
10866276,10866274
10866312,10866314
10866348,10866353
10866384,10866382
10866420,10866418
10866456,10866455
10866492,10866494
10866528,10866525
10866564,10866563
10866600,10866589
10866636,10866630
10866672,10866672
10866708,10866712
10866744,10866745
10866780,10866775
10866816,10866809
10866852,10866852
10866888,10866880
10866924,10866929
10866960,10866960
10866996,10866988
10867032,10867028
10867068,10867065
10867104,10867101
10867140,10867133
10867176,10867172
10867212,10867209
10867248,10867245
10867284,10867289
10867320,10867320
10867356,10867352
10867392,10867391
10867428,10867424
10867464,10867463
10867500,10867504
10867536,10867537
10867572,10867583
10867608,10867609
10867644,10867640
10867680,10867684
10867716,10867721
10867752,10867757
10867788,10867783
10867824,10867824
10867860,10867865
10867896,10867888
10867932,10867930
10867968,10867961
10868004,10868000
10868040,10868035
10868076,10868082
10868112,10868111
10868148,10868144
10868184,10868179
10868220,10868220
10868256,10868256
10868292,10868298
10868328,10868330
10868364,10868357
10868400,10868397
10868436,10868441
10868472,10868469
10868508,10868516
10868544,10868539
10868580,10868582
10868616,10868612
10868652,10868650
10868688,10868693
10868724,10868724
10868760,10868764
10868796,10868798
10868832,10868835
10868868,10868864
10868904,10868903
10868940,10868942
10868976,10868972
10869012,10869020
10869048,10869045
10869084,10869083
10869120,10869115
10869156,10869146
10869192,10869200
10869228,10869227
10869264,10869262
10869300,10869300
10869336,10869343
10869372,10869368
10869408,10869411
10869444,10869442
10869480,10869478
10869516,10869518
10869552,10869556
10869588,10869586
10869624,10869621
10869660,10869655
10869696,10869701
10869732,10869730
10869768,10869759
10869804,10869811
10869840,10869834
10869876,10869879
10869912,10869912
10869948,10869949
10869984,10869982
10870020,10870021
10870056,10870048
10870092,10870094
10870128,10870135
10870164,10870168
10870200,10870190
10870236,10870232
10870272,10870272
10870308,10870310
10870344,10870344
10870380,10870378
10870416,10870418
10870452,10870457
10870488,10870487
10870524,10870527
10870560,10870548
10870596,10870592
10870632,10870631
10870668,10870666
10870704,10870705
10870740,10870745
10870776,10870778
10870812,10870809
10877184,10877187
10877220,10877222
10877256,10877258
10877292,10877289
10877328,10877331
10877364,10877365
10877400,10877398
10877436,10877434
10877472,10877476
10877508,10877506
10877544,10877545
10877580,10877585
10877616,10877625
10877652,10877660
10877688,10877692
10877724,10877717
10877760,10877757
10877796,10877794
10877832,10877840
10877868,10877865
10877904,10877905
10877940,10877940
10877976,10877972
10878012,10878013
10878048,10878049
10878084,10878078
10878120,10878126
10878156,10878146
10878192,10878190
10878228,10878232
10878264,10878259
10878300,10878301
10878336,10878330
10878372,10878372
10878408,10878397
10878444,10878440
10878480,10878473
10878516,10878514
10878552,10878550
10878588,10878585
10878624,10878627
10878660,10878656
10878696,10878699
10878732,10878740
10878768,10878768
10878804,10878800
10878840,10878834
10878876,10878873
10878912,10878915
10878948,10878948
10878984,10878988
10879020,10879023
10879056,10879056
10879092,10879094
10879128,10879137
10879164,10879171
10879200,10879199
10879236,10879240
10879272,10879274
10879308,10879313
10879344,10879347
10879380,10879376
10879416,10879408
10879452,10879454
10879488,10879497
10879524,10879521
10879560,10879560
10879596,10879591
10879632,10879637
10886076,10886079
10886112,10886111
10886148,10886148
10886184,10886182
10886220,10886222
10886256,10886256
10886292,10886293
10886328,10886316
10886364,10886364
10886400,10886402
10886436,10886436
10886472,10886475
10886508,10886511
10886544,10886550
10886580,10886580
10886616,10886607
10886652,10886641
10886688,10886680
10886724,10886724
10886760,10886760
10886796,10886797
10886832,10886829
10886868,10886865
10886904,10886906
10886940,10886943
10886976,10886975
10887012,10887012
10887048,10887050
10887084,10887086
10887120,10887115
10892232,10892236
10892268,10892268
10892304,10892299
10892340,10892335
10892376,10892376
10892412,10892423
10892448,10892447
10892484,10892483
10892520,10892527
10892556,10892556
10892592,10892585
10892628,10892621
10892664,10892670
10892700,10892703
10892736,10892740
10892772,10892772
10892808,10892805
10892844,10892843
10892880,10892880
10892916,10892912
10892952,10892954
10892988,10892982
10893024,10893023
10893060,10893059
10893096,10893093
10893132,10893121
10893168,10893170
10897812,10897811
10897848,10897848
10897884,10897877
10897920,10897913
10897956,10897956
10897992,10897989
10898028,10898028
10898064,10898068
10898100,10898100
10898136,10898122
10898172,10898172
10898208,10898206
10898244,10898243
10898280,10898284
10898316,10898309
10898352,10898353
10898388,10898395
10898424,10898421
10898460,10898462
10898496,10898500
10898532,10898533
10898568,10898565
10898604,10898601
10898640,10898643
10898676,10898678
10898712,10898709
10898748,10898743
10898784,10898778
10898820,10898828
10898856,10898856
10898892,10898903
10898928,10898930
10898964,10898966
10899000,10899001
10899036,10899040
10899072,10899068
10899108,10899118
10899144,10899144
10899180,10899177
10899216,10899217
10899252,10899257
10899288,10899283
10899324,10899326
10899360,10899357
10899396,10899394
10899432,10899430
10899468,10899471
10899504,10899499
10899540,10899540
10899576,10899575
10899612,10899608
10899648,10899642
10899684,10899678
10899720,10899712
10899756,10899760
10899792,10899791
10899828,10899828
10899864,10899869
10899900,10899894
10899936,10899932
10899972,10899973
10900008,10899999
10900044,10900042
10900080,10900076
10900116,10900117
10900152,10900150
10900188,10900198
10900224,10900228
10900260,10900256
10900296,10900295
10900332,10900331
10900368,10900384
10900404,10900397
10900440,10900441
10900476,10900466
10900512,10900512
10900548,10900557
10900584,10900582
10900620,10900625
10903068,10903070
10903104,10903107
10903140,10903140
10903176,10903181
10903212,10903218
10903248,10903240
10903284,10903286
10903320,10903320
10903356,10903357
10903392,10903397
10903428,10903424
10903464,10903456
10903500,10903505
10903536,10903532
10903572,10903569
10903608,10903609
10903644,10903641
10903680,10903673
10903716,10903716
10903752,10903749
10903788,10903790
10903824,10903822
10903860,10903857
10903896,10903895
10903932,10903937
10903968,10903972
10904004,10903999
10904040,10904053
10904076,10904075
10904112,10904107
10904148,10904152
10904184,10904183
10904220,10904230
10904256,10904260
10904292,10904292
10904328,10904335
10904364,10904368
10904400,10904394
10904436,10904440
10904472,10904470
10904508,10904508
10904544,10904544
10904580,10904576
10904616,10904610
10904652,10904653
10904688,10904682
10904724,10904712
10904760,10904756
10904796,10904797
10904832,10904831
10904868,10904874
10904904,10904904
10904940,10904937
10904976,10904974
10905012,10905005
10905048,10905053
10908072,10908072
10908108,10908117
10908144,10908144
10908180,10908175
10908216,10908207
10908252,10908249
10908288,10908280
10908324,10908328
10908360,10908363
10908396,10908392
10908432,10908435
10908468,10908466
10908504,10908504
10908540,10908541
10908576,10908574
10908612,10908614
10908648,10908640
10908684,10908684
10908720,10908720
10908756,10908746
10908792,10908783
10908828,10908819
10908864,10908866
10908900,10908900
10908936,10908937
10908972,10908966
10909008,10909013
10909044,10909048
10909080,10909077
10909116,10909121
10909152,10909151
10909188,10909180
10909224,10909216
10909260,10909263
10909296,10909296
10909332,10909336
10909368,10909368
10909404,10909405
10909440,10909450
10909476,10909482
10909512,10909510
10909548,10909549
10909584,10909586
10909620,10909623
10909656,10909656
10909692,10909690
10909728,10909728
10909764,10909762
10909800,10909808
10909836,10909842
10909872,10909871
10909908,10909910
10909944,10909944
10909980,10909985
10910016,10910021
10910052,10910054
10910088,10910092
10910124,10910127
10910160,10910165
10910196,10910198
10910232,10910232
10910268,10910266
10910304,10910297
10910340,10910340
10910376,10910373
10910412,10910412
10912752,10912754
10912788,10912785
10912824,10912820
10912860,10912869
10912896,10912893
10912932,10912930
10912968,10912960
10913004,10913012
10913040,10913041
10913076,10913077
10913112,10913116
10913148,10913142
10913184,10913182
10913220,10913220
10913256,10913249
10913292,10913298
10913328,10913328
10913364,10913363
10913400,10913401
10913436,10913433
10913472,10913472
10913508,10913525
10913544,10913547
10913580,10913588
10913616,10913615
10913652,10913649
10913688,10913689
10913724,10913718
10913760,10913749
10913796,10913799
10913832,10913835
10913868,10913872
10913904,10913904
10913940,10913949
10913976,10913976
10914012,10914010
10914048,10914033
10914084,10914084
10914120,10914124
10914156,10914156
10914192,10914197
10914228,10914239
10914264,10914264
10914300,10914306
10914336,10914329
10914372,10914377
10914408,10914408
10914444,10914443
10914480,10914480
10914516,10914516
10914552,10914551
10914588,10914588
10914624,10914624
10914660,10914655
10914696,10914698
10914732,10914729
10914768,10914773
10914804,10914804
10914840,10914840
10914876,10914866
10914912,10914906
10914948,10914952
10914984,10914981
10915020,10915018
10915056,10915055
10915092,10915098
10915128,10915129
10915164,10915170
10920024,10920029
10920060,10920052
10920096,10920088
10920132,10920128
10920168,10920164
10920204,10920199
10920240,10920241
10920276,10920274
10920312,10920318
10920348,10920355
10920384,10920384
10920420,10920428
10920456,10920456
10920492,10920490
10920528,10920528
10920564,10920568
10920600,10920592
10920636,10920635
10920672,10920673
10920708,10920709
10920744,10920743
10920780,10920782
10920816,10920817
10920852,10920850
10920888,10920898
10920924,10920926
10920960,10920959
10920996,10920994
10921032,10921037
10921068,10921068
10921104,10921116
10921140,10921138
10921176,10921170
10921212,10921212
10921248,10921248
10921284,10921274
10921320,10921319
10921356,10921355
10921392,10921391
10921428,10921425
10921464,10921458
10921500,10921503
10921536,10921534
10921572,10921567
10921608,10921605
10921644,10921642
10921680,10921680
10921716,10921719
10921752,10921748
10921788,10921786
10921824,10921818
10921860,10921844
10921896,10921896
10921932,10921939
10921968,10921970
10922004,10922002
10922040,10922040
10922076,10922071
10922112,10922112
10922148,10922146
10922184,10922180
10922220,10922222
10922256,10922268
10922292,10922300
10922328,10922328
10922364,10922368
10922400,10922404
10922436,10922433
10922472,10922475
10922508,10922501
10922544,10922540
10922580,10922581
10922616,10922614
10922652,10922660
10922688,10922691
10922724,10922723
10922760,10922758
10922796,10922796
10922832,10922827
10922868,10922870
10922904,10922898
10922940,10922943
10922976,10922976
10923012,10923014
10923048,10923043
10923084,10923085
10923120,10923132
10923156,10923154
10923192,10923193
10923228,10923235
10923264,10923267
10923300,10923302
10923336,10923331
10923372,10923366
10923408,10923408
10923444,10923442
10923480,10923480
10923516,10923517
10923552,10923549
10923588,10923590
10923624,10923633
10923660,10923655
10923696,10923694
10923732,10923732
10923768,10923773
10923804,10923799
10923840,10923835
10923876,10923866
10923912,10923910
10923948,10923951
10923984,10923989
10924020,10924021
10924056,10924053
10924092,10924095
10924128,10924129
10924164,10924155
10924200,10924194
10924236,10924243
10924272,10924273
10924308,10924302
10924344,10924348
10924380,10924385
10924416,10924414
10924452,10924455
10924488,10924470
10924524,10924528
10924560,10924565
10924596,10924591
10924632,10924633
10924668,10924667
10924704,10924704
10924740,10924738
10924776,10924770
10924812,10924821
10924848,10924847
10924884,10924884
10924920,10924915
10924956,10924951
10924992,10924994
10925028,10925030
10925064,10925068
10925100,10925105
10925136,10925135
10925172,10925170
10925208,10925211
10925244,10925241
10925280,10925284
10925316,10925317
10925352,10925357
10925388,10925391
10925424,10925419
10925460,10925456
10925496,10925499
10925532,10925541
10925568,10925562
10925604,10925604
10925640,10925641
10925676,10925669
10925712,10925714
10925748,10925748
10925784,10925774
10925820,10925828
10925856,10925852
10925892,10925886
10925928,10925930
10925964,10925966
10926000,10926003
10926036,10926035
10926072,10926072
10926108,10926105
10926144,10926138
10926180,10926185
10926216,10926216
10926252,10926252
10926288,10926279
10926324,10926324
10926360,10926356
10926396,10926396
10926432,10926431
10926468,10926466
10926504,10926508
10926540,10926542
10926576,10926581
10926612,10926606
10926648,10926645
10926684,10926684
10926720,10926718
10926756,10926756
10926792,10926787
10926828,10926825
10926864,10926856
10926900,10926896
10926936,10926939
10926972,10926971
10927008,10927015
10927044,10927042
10927080,10927080
10927116,10927110
10927152,10927165
10927188,10927188
10927224,10927228
10927260,10927262
10927296,10927294
10927332,10927326
10927368,10927368
10927404,10927402
10927440,10927440
10927476,10927479
10927512,10927512
10927548,10927549
10927584,10927584
10927620,10927613
10927656,10927662
10927692,10927697
10927728,10927723
10927764,10927766
10927800,10927797
10927836,10927833
10927872,10927872
10927908,10927916
10927944,10927949
10927980,10927983
10928016,10928011
10928052,10928064
10928088,10928092
10928124,10928113
10928160,10928161
10928196,10928194
10928232,10928234
10928268,10928270
10928304,10928300
10928340,10928349
10928376,10928376
10928412,10928416
10928448,10928454
10928484,10928481
10928520,10928516
10928556,10928561
10928592,10928598
10928628,10928622
10928664,10928674
10928700,10928699
10928736,10928739
10928772,10928774
10928808,10928804
10928844,10928840
10928880,10928870
10928916,10928911
10928952,10928945
10928988,10928988
10929024,10929030
10929060,10929060
10929096,10929097
10929132,10929135
10929168,10929171
10929204,10929203
10929240,10929233
10929276,10929274
10929312,10929312
10929348,10929344
10929384,10929385
10929420,10929419
10929456,10929459
10929492,10929488
10929528,10929524
10929564,10929572
10929600,10929600
10929636,10929638
10929672,10929667
10929708,10929707
10929744,10929747
10929780,10929787
10929816,10929813
10929852,10929848
10929888,10929888
10929924,10929917
10929960,10929960
10929996,10929996
10930032,10930035
10930068,10930075
10930104,10930106
10930140,10930143
10930176,10930176
10930212,10930211
10930248,10930239
10930284,10930280
10930320,10930321
10930356,10930348
10930392,10930393
10930428,10930426
10930464,10930459
10930500,10930498
10930536,10930539
10930572,10930576
10930608,10930599
10930644,10930644
10930680,10930684
10930716,10930715
10930752,10930752
10930788,10930781
10930824,10930822
10938024,10938022
10938060,10938060
10938096,10938096
10938132,10938136
10938168,10938168
10938204,10938208
10941768,10941764
10941804,10941804
10941840,10941839
10941876,10941872
10941912,10941910
10941948,10941942
10941984,10941974
10942020,10942020
10942056,10942061
10942092,10942100
10942128,10942123
10942164,10942174
10942200,10942207
10942236,10942243
10942272,10942269
10942308,10942306
10942344,10942335
10942380,10942380
10942416,10942415
10942452,10942452
10942488,10942484
10942524,10942527
10942560,10942561
10942596,10942591
10942632,10942632
10942668,10942669
10942704,10942714
10942740,10942740
10942776,10942772
10942812,10942811
10942848,10942848
10942884,10942884
10942920,10942911
10942956,10942955
10942992,10942989
10943028,10943027
10943064,10943074
10943100,10943096
10943136,10943143
10943172,10943177
10943208,10943211
10943244,10943244
10943280,10943283
10943316,10943314
10943352,10943350
10943388,10943385
10943424,10943425
10943460,10943459
10943496,10943495
10943532,10943539
10943568,10943565
10943604,10943607
10943640,10943638
10943676,10943669
10943712,10943705
10943748,10943746
10943784,10943787
10943820,10943823
10943856,10943855
10943892,10943895
10943928,10943928
10943964,10943963
10944000,10944004
10944036,10944041
10944072,10944077
10944108,10944107
10944144,10944146
10944180,10944170
10944216,10944216
10944252,10944253
10944288,10944288
10944324,10944323
10944360,10944366
10944396,10944396
10944432,10944432
10944468,10944467
10944504,10944509
10944540,10944539
10944576,10944572
10944612,10944612
10944648,10944656
10944684,10944683
10944720,10944723
10944756,10944755
10944792,10944791
10944828,10944826
10944864,10944858
10944900,10944900
10944936,10944939
10944972,10944979
10945008,10945010
10945044,10945040
10945080,10945083
10945116,10945118
10945152,10945158
10945188,10945198
10945224,10945230
10945260,10945259
10945296,10945296
10945332,10945337
10945368,10945366
10945404,10945404
10945440,10945443
10945476,10945481
10945512,10945513
10945548,10945534
10945584,10945585
10945620,10945619
10945656,10945652
10945692,10945692
10945728,10945733
10945764,10945759
10945800,10945807
10945836,10945840
10945872,10945876
10945908,10945904
10945944,10945943
10945980,10945979
10946016,10946016
10946052,10946052
10946088,10946087
10946124,10946124
10946160,10946159
10946196,10946197
10946232,10946224
10946268,10946270
10946304,10946312
10946340,10946345
10946376,10946372
10946412,10946417
10946448,10946459
10946484,10946483
10946520,10946523
10946556,10946567
10946592,10946597
10946628,10946635
10946664,10946659
10946700,10946701
10946736,10946737
10946772,10946774
10946808,10946811
10946844,10946844
10946880,10946874
10946916,10946921
10946952,10946953
10946988,10946983
10947024,10947027
10947060,10947062
10947096,10947098
10947132,10947131
10947168,10947176
10947204,10947206
10947240,10947237
10947276,10947269
10947312,10947309
10947348,10947337
10947384,10947383
10947420,10947420
10947456,10947450
10947492,10947490
10947528,10947535
10947564,10947564
10947600,10947607
10947636,10947636
10947672,10947672
10947708,10947698
10947744,10947747
10947780,10947785
10947816,10947815
10947852,10947851
10947888,10947892
10947924,10947921
10947960,10947957
10947996,10947997
10948032,10948029
10948068,10948071
10948104,10948100
10948140,10948147
10948176,10948179
10948212,10948212
10948248,10948244
10948284,10948279
10948320,10948316
10948356,10948349
10948392,10948398
10948428,10948429
10948464,10948469
10948500,10948508
10948536,10948542
10948572,10948574
10948608,10948606
10948644,10948647
10948680,10948681
10948716,10948715
10948752,10948750
10948788,10948793
10948824,10948831
10948860,10948859
10948896,10948894
10948932,10948935
10948968,10948965
10949004,10949007
10949040,10949048
10949076,10949074
10949112,10949112
10949148,10949157
10949184,10949183
10949220,10949220
10949256,10949252
10949292,10949289
10949328,10949322
10949364,10949378
10949400,10949402
10949436,10949436
10949472,10949467
10949508,10949499
10949544,10949545
10949580,10949580
10949616,10949618
10949652,10949655
10949688,10949693
10949724,10949724
10949760,10949763
10949796,10949794
10949832,10949828
10949868,10949867
10949904,10949907
10949940,10949943
10949976,10949976
10950012,10950013
10950048,10950056
10950084,10950075
10950120,10950114
10950156,10950156
10950192,10950195
10950228,10950227
10950264,10950268
10950300,10950285
10950336,10950325
10950372,10950370
10950408,10950421
10950444,10950444
10950480,10950469
10957464,10957462
10957500,10957494
10957536,10957538
10957572,10957574
10957608,10957606
10957644,10957639
10957680,10957671
10957716,10957718
10957752,10957764
10957788,10957790
10957824,10957827
10957860,10957860
10957896,10957897
10957932,10957931
10957968,10957969
10958004,10958000
10958040,10958034
10958076,10958076
10958112,10958112
10958148,10958143
10958184,10958182
10958220,10958219
10964160,10964162
10964196,10964192
10964232,10964229
10964268,10964266
10964304,10964305
10964340,10964344
10964376,10964379
10964412,10964409
10964448,10964448
10964484,10964481
10964520,10964527
10964556,10964555
10968912,10968924
10968948,10968948
10968984,10968988
10969020,10969026
10969056,10969054
10969092,10969094
10969128,10969127
10969164,10969161
10969200,10969193
10969236,10969236
10969272,10969275
10969308,10969312
10969344,10969345
10969380,10969382
10969416,10969417
10969452,10969449
10969488,10969481
10969524,10969522
10972404,10972398
10972440,10972444
10972476,10972470
10972512,10972514
10972548,10972548
10972584,10972580
10972620,10972626
10972656,10972660
10972692,10972694
10972728,10972730
10972764,10972766
10972800,10972796
10972836,10972834
10972872,10972864
10972908,10972909
10972944,10972951
10972980,10972979
10973016,10973017
10973052,10973050
10980288,10980290
10980324,10980325
10980360,10980354
10980396,10980396
10980432,10980440
10980468,10980460
10980504,10980508
10980540,10980540
10980576,10980569
10980612,10980614
10980648,10980653
10980684,10980684
10980720,10980721
10980756,10980765
10980792,10980789
10980828,10980837
10980864,10980872
10980900,10980894
10980936,10980936
10980972,10980972
10981008,10981014
10981044,10981049
10981080,10981087
10981116,10981108
10981152,10981158
10981188,10981190
10981224,10981215
10981260,10981266
10981296,10981291
10981332,10981335
10981368,10981366
10981404,10981403
10981440,10981442
10981476,10981475
10981512,10981505
10986804,10986804
10986840,10986840
10986876,10986868
10986912,10986912
10986948,10986956
10986984,10986987
10987020,10987018
10987056,10987056
10987092,10987098
10987128,10987129
10987164,10987176
10987200,10987201
10987236,10987237
10987272,10987267
10987308,10987300
10987344,10987349
10987380,10987379
10987416,10987413
10987452,10987454
10987488,10987485
10987524,10987527
10987560,10987561
10987596,10987593
10987632,10987633
10987668,10987661
10987704,10987706
10987740,10987738
10987776,10987776
10987812,10987818
10987848,10987848
10987884,10987881
10987920,10987924
10987956,10987956
10987992,10987998
10988028,10988025
10988064,10988063
10988100,10988096
10988136,10988130
10988172,10988172
10988208,10988205
10988244,10988241
10988280,10988280
10988316,10988311
10988352,10988352
10988388,10988386
10988424,10988433
10988460,10988456
10988496,10988490
10988532,10988530
10988568,10988568
10988604,10988600
10988640,10988638
10988676,10988670
10988712,10988708
10988748,10988749
10988784,10988788
10988820,10988821
10988856,10988860
10988892,10988892
10988928,10988931
10988964,10988966
10989000,10989000
10989036,10989024
10989072,10989072
10989108,10989112
10989144,10989140
10989180,10989189
10989216,10989220
10989252,10989259
10989288,10989296
10989324,10989314
10989360,10989364
10989396,10989397
10989432,10989437
10989468,10989472
10989504,10989502
10989540,10989536
10989576,10989572
10989612,10989612
10989648,10989644
10989684,10989680
10989720,10989717
10989756,10989757
10989792,10989788
10989828,10989833
10989864,10989861
10989900,10989906
10989936,10989931
10989972,10989971
10990008,10990008
10990044,10990040
10990080,10990077
10990116,10990117
10990152,10990150
10990188,10990186
10990224,10990222
10990260,10990260
10990296,10990292
10990332,10990340
10993896,10993898
10993932,10993944
10993968,10993968
10994004,10994000
10994040,10994045
10994076,10994066
10994112,10994113
10994148,10994147
10994184,10994190
10994220,10994220
10994256,10994253
10994292,10994292
10994328,10994322
10994364,10994373
10994400,10994399
10994436,10994439
10994472,10994469
10994508,10994510
10994544,10994544
10994580,10994589
10994616,10994609
10994652,10994650
10994688,10994686
10994724,10994718
10994760,10994760
10994796,10994800
10994832,10994829
10994868,10994868
10994904,10994906
10994940,10994942
10994976,10994974
10995012,10995000
10995048,10995046
10995084,10995094
10995120,10995116
10995156,10995151
10995192,10995193
10995228,10995228
10995264,10995261
10995300,10995300
10995336,10995336
10995372,10995373
10995408,10995410
10995444,10995439
10995480,10995483
10995516,10995515
10995552,10995549
10995588,10995593
10995624,10995624
10995660,10995659
10995696,10995695
10995732,10995734
10995768,10995768
10995804,10995807
10995840,10995831
10995876,10995881
10995912,10995912
10995948,10995950
10995984,10995990
10996020,10996026
10996056,10996050
10996092,10996097
10996128,10996129
10996164,10996169
10996200,10996193
10996236,10996232
10996272,10996273
10996308,10996304
10996344,10996343
10996380,10996387
10996416,10996427
10996452,10996452
10996488,10996492
10996524,10996524
10996560,10996564
10996596,10996598
10996632,10996626
10996668,10996674
10996704,10996700
10996740,10996734
10996776,10996781
10996812,10996811
10996848,10996852
10996884,10996886
10996920,10996916
10996956,10996948
10996992,10997000
10997028,10997031
10997064,10997071
10997100,10997100
10997136,10997142
10997172,10997180
10997208,10997207
10997244,10997243
10997280,10997280
10997316,10997316
10997352,10997339
10997388,10997384
10997424,10997425
10997460,10997461
10997496,10997497
10997532,10997531
10997568,10997558
10997604,10997604
10997640,10997641
10997676,10997672
10997712,10997713
10997748,10997749
10997784,10997782
10997820,10997820
10997856,10997860
10997892,10997893
10997928,10997924
10997964,10997971
10998000,10998005
10998036,10998032
10998072,10998069
10998108,10998105
10998144,10998146
10998180,10998183
10998216,10998218
10998252,10998255
10998288,10998282
10998324,10998322
10998360,10998351
10998396,10998400
10998432,10998437
10998468,10998473
10998504,10998502
10998540,10998541
10998576,10998577
10998612,10998619
10998648,10998639
10998684,10998687
10998720,10998719
10998756,10998755
10998792,10998795
10998828,10998830
10998864,10998860
10998900,10998902
10998936,10998938
10998972,10998980
10999008,10999009
10999044,10999047
10999080,10999073
11006208,11006207
11006244,11006242
11006280,11006277
11006316,11006316
11006352,11006350
11006388,11006387
11006424,11006437
11006460,11006456
11006496,11006497
11006532,11006532
11006568,11006578
11006604,11006600
11006640,11006640
11006676,11006673
11006712,11006713
11006748,11006753
11006784,11006781
11006820,11006819
11006856,11006860
11006892,11006892
11006928,11006928
11006964,11006961
11007000,11007007
11007036,11007034
11007072,11007071
11007108,11007107
11007144,11007148
11007180,11007185
11007216,11007216
11007252,11007252
11007288,11007290
11007324,11007324
11007360,11007363
11007396,11007401
11007432,11007429
11007468,11007467
11007504,11007504
11007540,11007538
11007576,11007565
11007612,11007609
11007648,11007644
11007684,11007685
11007720,11007722
11007756,11007757
11007792,11007793
11007828,11007824
11007864,11007857
11007900,11007904
11007936,11007929
11007972,11007981
11008008,11008009
11008044,11008044
11008080,11008081
11008116,11008114
11008152,11008155
11008188,11008188
11008224,11008220
11008260,11008262
11008296,11008309
11008332,11008327
11008368,11008367
11008404,11008410
11008440,11008438
11008476,11008482
11008512,11008517
11008548,11008548
11008584,11008584
11008620,11008624
11008656,11008653
11008692,11008695
11008728,11008735
11008764,11008770
11008800,11008805
11008836,11008832
11008872,11008875
11008908,11008908
11008944,11008939
11008980,11008980
11009016,11009009
11009052,11009052
11009088,11009088
11009124,11009126
11009160,11009165
11009196,11009189
11009232,11009226
11009268,11009258
11009304,11009308
11009340,11009337
11009376,11009374
11009412,11009412
11009448,11009448
11009484,11009487
11009520,11009510
11009556,11009556
11009592,11009586
11009628,11009636
11009664,11009666
11009700,11009701
11009736,11009746
11009772,11009772
11009808,11009812
11009844,11009837
11009880,11009881
11009916,11009927
11009952,11009954
11009988,11009985
11010024,11010020
11012868,11012873
11012904,11012904
11012940,11012938
11012976,11012967
11013012,11013011
11013048,11013047
11013084,11013087
11013120,11013126
11013156,11013150
11013192,11013196
11013228,11013224
11013264,11013269
11013300,11013298
11013336,11013338
11013372,11013379
11013408,11013400
11013444,11013444
11013480,11013487
11013516,11013519
11013552,11013562
11013588,11013586
11013624,11013629
11013660,11013663
11013696,11013696
11013732,11013727
11013768,11013769
11013804,11013813
11013840,11013846
11013876,11013878
11013912,11013910
11013948,11013941
11013984,11013984
11014020,11014016
11014056,11014055
11014092,11014097
11014128,11014134
11014164,11014169
11014200,11014202
11014236,11014234
11014272,11014274
11014308,11014300
11014344,11014349
11014380,11014375
11014416,11014422
11014452,11014449
11014488,11014499
11014524,11014523
11014560,11014560
11014596,11014599
11014632,11014626
11014668,11014669
11014704,11014699
11014740,11014743
11014776,11014778
11014812,11014813
11014848,11014854
11014884,11014884
11014920,11014910
11014956,11014953
11014992,11014988
11015028,11015031
11015064,11015063
11015100,11015097
11015136,11015132
11015172,11015171
11015208,11015210
11015244,11015248
11015280,11015280
11015316,11015314
11015352,11015352
11015388,11015382
11015424,11015422
11015460,11015467
11015496,11015501
11015532,11015543
11015568,11015565
11015604,11015617
11015640,11015638
11015676,11015673
11015712,11015713
11015748,11015750
11015784,11015784
11015820,11015820
11020464,11020458
11020500,11020510
11020536,11020525
11020572,11020571
11020608,11020615
11020644,11020653
11020680,11020676
11020716,11020716
11020752,11020748
11020788,11020795
11020824,11020825
11020860,11020859
11020896,11020898
11025072,11025081
11025108,11025102
11025144,11025144
11025180,11025180
11025216,11025209
11025252,11025258
11025288,11025290
11025324,11025327
11025360,11025351
11025396,11025391
11025432,11025430
11025468,11025466
11025504,11025494
11025540,11025537
11025576,11025576
11025612,11025611
11025648,11025649
11025684,11025683
11025720,11025714
11025756,11025756
11025792,11025793
11025828,11025827
11025864,11025864
11025900,11025914
11025936,11025944
11025972,11025971
11026008,11026003
11026044,11026044
11026080,11026080
11026116,11026115
11027988,11027988
11028024,11028029
11028060,11028060
11028096,11028098
11028132,11028133
11028168,11028171
11028204,11028202
11028240,11028240
11028276,11028275
11028312,11028311
11028348,11028353
11028384,11028386
11028420,11028415
11028456,11028456
11028492,11028491
11028528,11028528
11028564,11028559
11028600,11028604
11028636,11028636
11028672,11028667
11028708,11028706
11028744,11028756
11028780,11028790
11028816,11028817
11028852,11028857
11028888,11028894
11028924,11028918
11028960,11028963
11033460,11033460
11033496,11033500
11033532,11033537
11033568,11033558
11033604,11033606
11033640,11033634
11033676,11033676
11033712,11033711
11033748,11033752
11033784,11033798
11033820,11033813
11033856,11033858
11033892,11033898
11033928,11033928
11033964,11033961
11034000,11034008
11034036,11034035
11034072,11034071
11034108,11034108
11034144,11034142
11034180,11034183
11034216,11034211
11034252,11034249
11034288,11034286
11034324,11034327
11034360,11034363
11034396,11034403
11034432,11034431
11034468,11034469
11034504,11034510
11034540,11034540
11034576,11034580
11034612,11034607
11034648,11034652
11034684,11034685
11034720,11034718
11034756,11034751
11034792,11034792
11034828,11034830
11034864,11034865
11034900,11034900
11034936,11034941
11034972,11034977
11035008,11035004
11035044,11035044
11035080,11035079
11035116,11035116
11035152,11035152
11035188,11035191
11035224,11035219
11035260,11035261
11035296,11035310
11035332,11035323
11035368,11035368
11035404,11035399
11035440,11035440
11035476,11035480
11035512,11035513
11035548,11035555
11035584,11035586
11035620,11035626
11035656,11035656
11035692,11035688
11035728,11035729
11035764,11035764
11035800,11035801
11035836,11035840
11035872,11035869
11035908,11035908
11035944,11035941
11035980,11035984
11036016,11036013
11036052,11036053
11036088,11036083
11036124,11036124
11036160,11036161
11036196,11036201
11036232,11036234
11036268,11036271
11039112,11039117
11039148,11039144
11039184,11039177
11039220,11039226
11039256,11039254
11039292,11039288
11039328,11039335
11039364,11039358
11039400,11039398
11039436,11039436
11039472,11039469
11039508,11039506
11039544,11039552
11039580,11039589
11039616,11039622
11039652,11039649
11039688,11039688
11039724,11039724
11039760,11039760
11039796,11039796
11039832,11039832
11039868,11039869
11039904,11039909
11039940,11039945
11039976,11039986
11040012,11040005
11040048,11040050
11040084,11040077
11040120,11040116
11040156,11040163
11040192,11040192
11040228,11040226
11040264,11040264
11040300,11040302
11040336,11040339
11040372,11040367
11040408,11040409
11040444,11040440
11040480,11040478
11040516,11040513
11040552,11040559
11040588,11040587
11040624,11040618
11040660,11040661
11040696,11040699
11040732,11040738
11040768,11040767
11040804,11040803
11040840,11040844
11040876,11040871
11040912,11040916
11040948,11040949
11040984,11040986
11041020,11041022
11041056,11041052
11041092,11041093
11041128,11041123
11041164,11041169
11041200,11041198
11041236,11041242
11041272,11041273
11041308,11041303
11041344,11041339
11041380,11041376
11041416,11041414
11041452,11041454
11041488,11041478
11041524,11041520
11041560,11041559
11041596,11041603
11041632,11041631
11041668,11041668
11041704,11041696
11041740,11041740
11041776,11041771
11041812,11041815
11041848,11041858
11041884,11041886
11041920,11041915
11041956,11041959
11047212,11047207
11047248,11047250
11047284,11047279
11047320,11047326
11047356,11047354
11047392,11047389
11047428,11047418
11047464,11047460
11047500,11047509
11047536,11047539
11047572,11047570
11047608,11047608
11047644,11047647
11047680,11047679
11047716,11047720
11047752,11047750
11047788,11047783
11047824,11047824
11047860,11047860
11047896,11047889
11047932,11047934
11047968,11047968
11048004,11048010
11048040,11048037
11048076,11048076
11048112,11048107
11048148,11048150
11048184,11048184
11048220,11048220
11048256,11048254
11048292,11048288
11048328,11048329
11048364,11048363
11048400,11048400
11048436,11048436
11048472,11048474
11048508,11048508
11048544,11048544
11048580,11048574
11048616,11048616
11048652,11048659
11048688,11048690
11048724,11048722
11048760,11048760
11048796,11048800
11048832,11048832
11048868,11048869
11048904,11048901
11048940,11048945
11048976,11048979
11049012,11049009
11049048,11049045
11049084,11049080
11049120,11049126
11049156,11049149
11049192,11049186
11049228,11049223
11049264,11049255
11049300,11049290
11049336,11049329
11049372,11049372
11049408,11049421
11049444,11049440
11049480,11049482
11049516,11049518
11049552,11049550
11049588,11049587
11049624,11049624
11049660,11049660
11049696,11049697
11049732,11049724
11049768,11049773
11049804,11049815
11049840,11049839
11049876,11049878
11049912,11049913
11049948,11049946
11049984,11049988
11050020,11050023
11050056,11050063
11050092,11050092
11050128,11050143
11050164,11050164
11050200,11050199
11050236,11050236
11050272,11050272
11050308,11050308
11050344,11050344
11050380,11050379
11050416,11050411
11050452,11050452
11050488,11050486
11050524,11050523
11050560,11050554
11050596,11050596
11050632,11050634
11050668,11050665
11050704,11050704
11050740,11050739
11050776,11050776
11050812,11050809
11050848,11050845
11050884,11050878
11050920,11050921
11050956,11050949
11050992,11050992
11051028,11051032
11051064,11051061
11051100,11051106
11051136,11051134
11051172,11051171
11051208,11051208
11051244,11051245
11051280,11051281
11051316,11051320
11051352,11051350
11051388,11051397
11051424,11051423
11051460,11051450
11051496,11051497
11051532,11051532
11051568,11051584
11051604,11051602
11051640,11051644
11051676,11051678
11051712,11051706
11051748,11051747
11051784,11051779
11051820,11051824
11051856,11051843
11051892,11051888
11051928,11051925
11051964,11051958
11052000,11052000
11052036,11052034
11054592,11054592
11054628,11054624
11054664,11054664
11054700,11054695
11054736,11054741
11054772,11054768
11054808,11054807
11054844,11054841
11054880,11054885
11054916,11054912
11054952,11054952
11054988,11054993
11055024,11055030
11055060,11055061
11055096,11055097
11055132,11055134
11055168,11055167
11055204,11055204
11055240,11055242
11055276,11055270
11055312,11055314
11055348,11055363
11055384,11055384
11055420,11055417
11055456,11055456
11055492,11055492
11055528,11055532
11055564,11055559
11055600,11055597
11055636,11055636
11055672,11055672
11055708,11055709
11055744,11055735
11055780,11055784
11055816,11055825
11055852,11055854
11055888,11055882
11055924,11055924
11055960,11055954
11055996,11055995
11056032,11056032
11056068,11056074
11056104,11056099
11056140,11056139
11056176,11056189
11056212,11056215
11056248,11056254
11056284,11056288
11056320,11056320
11056356,11056354
11056392,11056387
11056428,11056426
11056464,11056463
11056500,11056500
11056536,11056541
11056572,11056558
11056608,11056603
11056644,11056644
11056680,11056681
11056716,11056714
11056752,11056748
11056788,11056793
11056824,11056826
11056860,11056860
11056896,11056894
11056932,11056936
11056968,11056953
11057004,11057005
11057040,11057044
11057076,11057079
11057112,11057109
11057148,11057142
11057184,11057182
11057220,11057220
11057256,11057252
11057292,11057295
11057328,11057328
11057364,11057365
11057400,11057393
11057436,11057434
11057472,11057466
11057508,11057515
11057544,11057547
11057580,11057578
11057616,11057615
11057652,11057661
11057688,11057691
11057724,11057723
11057760,11057755
11057796,11057784
11057832,11057834
11057868,11057866
11057904,11057914
11057940,11057943
11057976,11057975
11058012,11058012
11058048,11058048
11058084,11058080
11058120,11058119
11058156,11058161
11058192,11058190
11058228,11058221
11058264,11058258
11058300,11058300
11058336,11058336
11058372,11058371
11058408,11058402
11058444,11058444
11058480,11058480
11058516,11058520
11058552,11058554
11058588,11058583
11058624,11058618
11058660,11058667
11058696,11058696
11058732,11058732
11058768,11058766
11058804,11058802
11058840,11058840
11058876,11058882
11058912,11058919
11058948,11058947
11058984,11058995
11059020,11059017
11059056,11059060
11059092,11059091
11059128,11059132
11059164,11059164
11059200,11059201
11059236,11059237
11059272,11059282
11059308,11059311
11059344,11059345
11059380,11059382
11059416,11059415
11059452,11059457
11059488,11059490
11059524,11059523
11059560,11059553
11059596,11059592
11059632,11059635
11059668,11059667
11059704,11059705
11059740,11059739
11059776,11059768
11059812,11059812
11059848,11059840
11059884,11059887
11059920,11059932
11059956,11059957
11059992,11059998
11060028,11060029
11060064,11060058
11060100,11060102
11060136,11060133
11060172,11060164
11063808,11063808
11063844,11063844
11063880,11063880
11063916,11063910
11063952,11063949
11063988,11063993
11064024,11064028
11064060,11064055
11064096,11064100
11064132,11064144
11064168,11064174
11064204,11064202
11064240,11064243
11064276,11064266
11064312,11064305
11064348,11064338
11064384,11064378
11064420,11064420
11064456,11064453
11064492,11064496
11064528,11064520
11064564,11064564
11064600,11064601
11064636,11064637
11064672,11064672
11064708,11064710
11064744,11064739
11064780,11064781
11064816,11064817
11064852,11064852
11064888,11064888
11064924,11064922
11064960,11064961
11064996,11064998
11065032,11065032
11071872,11071873
11071908,11071916
11071944,11071951
11071980,11071978
11072016,11072013
11072052,11072054
11072088,11072086
11072124,11072124
11072160,11072149
11072196,11072195
11072232,11072234
11072268,11072266
11072304,11072303
11072340,11072341
11072376,11072376
11072412,11072413
11072448,11072448
11072484,11072484
11072520,11072518
11072556,11072560
11072592,11072595
11072628,11072628
11072664,11072668
11072700,11072700
11072736,11072735
11072772,11072778
11072808,11072808
11072844,11072849
11072880,11072883
11072916,11072917
11072952,11072955
11072988,11072987
11073024,11073025
11073060,11073061
11073096,11073096
11073132,11073133
11073168,11073160
11073204,11073204
11073240,11073239
11073276,11073271
11073312,11073309
11073348,11073340
11073384,11073384
11073420,11073424
11073456,11073452
11073492,11073487
11073528,11073534
11073564,11073556
11077416,11077420
11077452,11077453
11077488,11077492
11077524,11077531
11077560,11077551
11077596,11077593
11077632,11077625
11077668,11077661
11077704,11077699
11077740,11077740
11077776,11077777
11077812,11077816
11077848,11077848
11077884,11077884
11077920,11077921
11077956,11077960
11077992,11077985
11078028,11078021
11078064,11078064
11078100,11078098
11078136,11078139
11078172,11078165
11078208,11078204
11078244,11078249
11078280,11078287
11078316,11078317
11078352,11078358
11078388,11078391
11078424,11078426
11078460,11078454
11078496,11078492
11078532,11078529
11078568,11078564
11078604,11078598
11078640,11078633
11078676,11078676
11078712,11078715
11078748,11078747
11078784,11078783
11078820,11078818
11078856,11078856
11078892,11078891
11078928,11078918
11078964,11078976
11079000,11079001
11079036,11079037
11079072,11079073
11079108,11079110
11079144,11079144
11079180,11079182
11079216,11079228
11079252,11079251
11079288,11079288
11079324,11079320
11079360,11079357
11079396,11079402
11079432,11079435
11079468,11079469
11079504,11079504
11079540,11079540
11079576,11079574
11079612,11079612
11079648,11079650
11079684,11079681
11079720,11079721
11079756,11079750
11079792,11079787
11079828,11079829
11079864,11079863
11079900,11079903
11079936,11079934
11079972,11079978
11080008,11080011
11080044,11080046
11080080,11080068
11080116,11080119
11080152,11080150
11080188,11080188
11080224,11080219
11080260,11080259
11080296,11080297
11080332,11080336
11080368,11080358
11080404,11080403
11080440,11080434
11080476,11080469
11080512,11080511
11080548,11080552
11080584,11080579
11080620,11080618
11080656,11080656
11080692,11080682
11080728,11080726
11080764,11080758
11080800,11080799
11080836,11080841
11080872,11080872
11080908,11080916
11080944,11080939
11080980,11080982
11081016,11081017
11081052,11081050
11081088,11081094
11081124,11081125
11081160,11081153
11081196,11081193
11081232,11081232
11081268,11081273
11081304,11081308
11081340,11081340
11081376,11081371
11081412,11081404
11081448,11081446
11081484,11081483
11081520,11081523
11081556,11081556
11081592,11081598
11081628,11081634
11081664,11081666
11081700,11081703
11081736,11081742
11081772,11081770
11081808,11081823
11081844,11081847
11081880,11081881
11081916,11081918
11081952,11081952
11081988,11081987
11082024,11082022
11082060,11082061
11082096,11082092
11082132,11082128
11082168,11082168
11082204,11082204
11082240,11082236
11082276,11082267
11082312,11082312
11082348,11082345
11082384,11082386
11082420,11082420
11082456,11082453
11082492,11082490
11082528,11082523
11082564,11082566
11082600,11082594
11082636,11082637
11082672,11082672
11082708,11082705
11082744,11082741
11082780,11082781
11082816,11082806
11082852,11082860
11082888,11082885
11082924,11082922
11082960,11082961
11082996,11082995
11083032,11083041
11083068,11083068
11083104,11083097
11083140,11083138
11083176,11083180
11083212,11083206
11083248,11083245
11083284,11083292
11083320,11083321
11083356,11083348
11083392,11083390
11083428,11083429
11083464,11083472
11083500,11083496
11083536,11083536
11083572,11083571
11083608,11083604
11083644,11083638
11083680,11083673
11083716,11083705
11083752,11083749
11083788,11083788
11083824,11083824
11083860,11083854
11083896,11083898
11083932,11083939
11083968,11083965
11084004,11084004
11084040,11084043
11084076,11084085
11084112,11084119
11084148,11084148
11084184,11084181
11084220,11084223
11084256,11084258
11084292,11084287
11084328,11084326
11084364,11084355
11084400,11084400
11084436,11084434
11084472,11084472
11084508,11084509
11084544,11084546
11084580,11084585
11084616,11084618
11084652,11084652
11084688,11084695
11084724,11084724
11084760,11084759
11084796,11084795
11084832,11084830
11084868,11084863
11084904,11084908
11084940,11084940
11084976,11084984
11085012,11085017
11085048,11085055
11085084,11085079
11085120,11085128
11085156,11085149
11085192,11085183
11085228,11085229
11085264,11085261
11085300,11085300
11085336,11085340
11085372,11085372
11085408,11085409
11085444,11085444
11085480,11085484
11085516,11085510
11085552,11085552
11085588,11085590
11085624,11085629
11085660,11085660
11085696,11085696
11085732,11085732
11089656,11089656
11089692,11089688
11089728,11089727
11089764,11089766
11089800,11089796
11089836,11089842
11089872,11089877
11089908,11089914
11089944,11089947
11089980,11089974
11090016,11090017
11090052,11090055
11090088,11090086
11090124,11090120
11090160,11090154
11090196,11090191
11094336,11094336
11094372,11094366
11094408,11094408
11094444,11094436
11094480,11094476
11094516,11094511
11094552,11094561
11094588,11094582
11094624,11094622
11094660,11094663
11094696,11094701
11094732,11094726
11094768,11094771
11094804,11094802
11094840,11094837
11094876,11094881
11094912,11094912
11094948,11094947
11094984,11094991
11095020,11095021
11095056,11095062
11095092,11095097
11095128,11095131
11095164,11095167
11095200,11095196
11095236,11095236
11095272,11095273
11095308,11095314
11095344,11095337
11095380,11095376
11095416,11095426
11095452,11095452
11095488,11095488
11095524,11095524
11095560,11095562
11095596,11095600
11095632,11095636
11095668,11095665
11095704,11095711
11095740,11095745
11095776,11095773
11095812,11095814
11095848,11095850
11095884,11095896
11095920,11095926
11095956,11095952
11095992,11095987
11096028,11096016
11096064,11096067
11096100,11096096
11096136,11096136
11096172,11096171
11096208,11096200
11096244,11096245
11096280,11096278
11096316,11096311
11096352,11096353
11096388,11096386
11096424,11096422
11096460,11096460
11096496,11096496
11096532,11096532
11096568,11096573
11096604,11096600
11096640,11096640
11096676,11096671
11096712,11096712
11096748,11096752
11096784,11096784
11096820,11096822
11096856,11096869
11096892,11096896
11104128,11104130
11104164,11104167
11104200,11104201
11104236,11104236
11104272,11104272
11104308,11104310
11104344,11104346
11104380,11104384
11104416,11104424
11104452,11104450
11104488,11104486
11104524,11104525
11104560,11104558
11104596,11104602
11104632,11104624
11104668,11104668
11104704,11104704
11104740,11104736
11104776,11104766
11104812,11104809
11104848,11104846
11104884,11104887
11104920,11104923
11104956,11104955
11111616,11111616
11111652,11111648
11111688,11111688
11111724,11111724
11111760,11111761
11111796,11111792
11111832,11111838
11111868,11111865
11111904,11111903
11111940,11111949
11111976,11111972
11112012,11112012
11112048,11112054
11112084,11112090
11112120,11112122
11112156,11112151
11112192,11112182
11112228,11112234
11112264,11112260
11112300,11112293
11112336,11112346
11112372,11112362
11112408,11112408
11112444,11112436
11112480,11112482
11112516,11112516
11112552,11112556
11112588,11112588
11112624,11112624
11112660,11112658
11112696,11112696
11112732,11112735
11112768,11112757
11112804,11112800
11112840,11112837
11112876,11112883
11112912,11112909
11112948,11112948
11112984,11112985
11113020,11113029
11113056,11113050
11113092,11113085
11113128,11113126
11113164,11113174
11113200,11113202
11113236,11113236
11113272,11113272
11113308,11113304
11113344,11113339
11113380,11113383
11113416,11113423
11113452,11113454
11113488,11113488
11113524,11113519
11113560,11113558
11113596,11113604
11113632,11113618
11113668,11113676
11113704,11113704
11113740,11113739
11113776,11113776
11113812,11113811
11113848,11113836
11113884,11113881
11113920,11113923
11113956,11113962
11113992,11113987
11114028,11114027
11114064,11114058
11114100,11114100
11114136,11114140
11114172,11114171
11114208,11114206
11114244,11114236
11114280,11114281
11114316,11114313
11114352,11114351
11114388,11114384
11114424,11114418
11114460,11114460
11114496,11114493
11114532,11114537
11114568,11114561
11114604,11114601
11114640,11114637
11114676,11114668
11114712,11114714
11114748,11114736
11114784,11114781
11114820,11114821
11114856,11114861
11114892,11114885
11114928,11114927
11114964,11114963
11115000,11115006
11115036,11115043
11115072,11115068
11115108,11115104
11115144,11115141
11115180,11115168
11115216,11115217
11115252,11115254
11115288,11115293
11115324,11115321
11115360,11115370
11115396,11115390
11115432,11115426
11115468,11115473
11115504,11115500
11115540,11115540
11115576,11115576
11115612,11115612
11115648,11115649
11115684,11115681
11115720,11115720
11115756,11115742
11115792,11115794
11115828,11115815
11115864,11115865
11115900,11115901
11115936,11115943
11115972,11115979
11116008,11116012
11116044,11116048
11116080,11116081
11116116,11116114
11116152,11116147
11116188,11116185
11116224,11116232
11116260,11116261
11116296,11116295
11116332,11116331
11116368,11116369
11116404,11116403
11116440,11116443
11116476,11116469
11116512,11116508
11116548,11116539
11116584,11116586
11116620,11116623
11116656,11116659
11116692,11116691
11116728,11116733
11116764,11116760
11116800,11116798
11116836,11116841
11116872,11116859
11116908,11116915
11116944,11116951
11116980,11116983
11117016,11117016
11117052,11117056
11117088,11117080
11117124,11117125
11117160,11117166
11117196,11117200
11117232,11117230
11117268,11117268
11117304,11117302
11117340,11117337
11117376,11117371
11117412,11117415
11117448,11117444
11117484,11117478
11117520,11117524
11117556,11117552
11117592,11117588
11117628,11117628
11117664,11117658
11117700,11117705
11117736,11117736
11117772,11117780
11117808,11117807
11117844,11117843
11117880,11117872
11117916,11117918
11117952,11117958
11122704,11122711
11122740,11122742
11122776,11122773
11122812,11122811
11122848,11122848
11122884,11122882
11122920,11122928
11122956,11122955
11122992,11122991
11123028,11123028
11123064,11123072
11123100,11123104
11123136,11123136
11123172,11123171
11123208,11123207
11123244,11123242
11123280,11123284
11123316,11123314
11123352,11123349
11123388,11123388
11123424,11123423
11123460,11123453
11123496,11123493
11123532,11123534
11123568,11123562
11123604,11123607
11123640,11123641
11123676,11123683
11123712,11123714
11123748,11123745
11123784,11123782
11123820,11123819
11123856,11123853
11123892,11123894
11123928,11123928
11123964,11123959
11124000,11123994
11124036,11124035
11124072,11124068
11124108,11124116
11124144,11124140
11124180,11124187
11124216,11124217
11124252,11124258
11124288,11124290
11124324,11124329
11124360,11124354
11124396,11124389
11124432,11124434
11124468,11124463
11124504,11124507
11124540,11124542
11124576,11124576
11124612,11124615
11124648,11124645
11124684,11124688
11124720,11124716
11124756,11124762
11124792,11124793
11124828,11124816
11124864,11124857
11124900,11124900
11124936,11124943
11124972,11124969
11125008,11125011
11125044,11125048
11125080,11125083
11125116,11125110
11125152,11125157
11125188,11125179
11125224,11125227
11125260,11125255
11125296,11125295
11125332,11125335
11125368,11125374
11125404,11125404
11125440,11125442
11125476,11125476
11125512,11125505
11125548,11125547
11125584,11125588
11125620,11125618
11125656,11125658
11125692,11125685
11125728,11125729
11125764,11125760
11125800,11125803
11125836,11125833
11125872,11125874
11125908,11125905
11125944,11125953
11125980,11125980
11126016,11126029
11126052,11126056
11126088,11126082
11126124,11126126
11126160,11126153
11126196,11126198
11126232,11126232
